doc_id,date,date_str,year,month,quarter,chair_era,is_crisis,is_hiking,is_post_covid,word_count,chair_bernanke,chair_greenspan,chair_powell,chair_yellen,q_1,q_2,q_3,q_4,treasury_2yr_level,treasury_2yr_trend,treasury_2yr_vol,treasury_10yr_level,treasury_10yr_trend,treasury_10yr_vol,vix_level,vix_trend,vix_vol,dxy_level,dxy_trend,dxy_vol,breakeven_5yr_level,breakeven_5yr_trend,breakeven_5yr_vol,hy_spread_level,hy_spread_trend,hy_spread_vol,hawkishness,uncertainty,concern,topic_0,topic_1,topic_2,topic_3,topic_4,topic_5,topic_6,topic_7,sbert_pca_0,sbert_pca_1,sbert_pca_2,sbert_pca_3,sbert_pca_4,sbert_pca_5,sbert_pca_6,sbert_pca_7,sbert_pca_8,sbert_pca_9
fomc_statement_19940101,1994-01-01,19940101,1994,1,1,greenspan,0,0,0,92,0,1,0,0,1,0,0,0,0.6265768485917557,0.607337450054486,0.03835025826714748,0.8392542219504642,0.6154799309642874,0.05771799644931659,0.03735017290342521,0.17782113790558046,0.08273049053948894,0.5079707381065535,0.46122808998708975,0.1028339160609875,0.768508840444986,0.6882263312845411,0.06602488420670241,0.0,0.0,0.0,0.0,1.6393,0.0,0.65604717,0.0016543823,0.0038820102,0.00085292215,0.3329584,0.0023688057,0.0009761512,0.0012601048,-0.13896258,-0.48207146,0.13026404,0.05412954,0.10857271,-0.4655882,-0.088196635,-0.26414406,-0.016365893,0.14347851
fomc_statement_19970325,1997-03-25,19970325,1997,3,1,greenspan,0,0,0,163,0,1,0,0,1,0,0,0,0.9149291171022813,0.8214988038127686,0.37104091436717745,0.9893839683941539,0.8191684736911982,0.2746608752606995,0.1965036995537353,0.2746625354390683,0.019295626972068693,0.4987084366878727,0.5157700207845639,0.08779789478215226,0.768508840444986,0.6882263312845411,0.06602488420670241,0.0,0.0,0.0,3.9216,1.9608,0.6536,0.0010244567,0.0008339735,0.19715203,0.00042995776,0.00084975956,0.73967314,0.059401523,0.00063521834,-0.19852726,0.00069367886,-0.11553967,0.13299234,0.2992777,-0.05940441,-0.040306844,0.10917315,-0.1230083,0.13740931
fomc_statement_19980929,1998-09-29,19980929,1998,9,3,greenspan,0,0,0,128,0,1,0,0,0,0,1,0,0.7277085844591191,0.20009519395768882,0.6580404366905176,0.6808876230870755,0.30900119484887384,0.48541591257734806,0.5130325328902885,0.3531071188448862,0.28235467242896567,0.5739628478750785,0.07615513036896415,0.7147736172842952,0.768508840444986,0.6882263312845411,0.06602488420670241,0.0,0.0,0.0,1.6949,1.6949,1.6949,0.2631259,0.00088656123,0.3126904,0.00045706952,0.0009033427,0.37913537,0.042126164,0.00067527324,-0.38294774,0.0175094,0.0023834072,0.22305077,0.32713854,-0.06700808,-0.10525057,0.030283257,-0.095828585,0.17484352
fomc_statement_19981015,1998-10-15,19981015,1998,10,4,greenspan,0,0,0,182,0,1,0,0,0,0,0,1,0.6679808666564069,0.17885191076819018,0.6763134251891526,0.6193234200537654,0.3853719520290305,0.45781624351483186,0.5706759075014973,0.28822788202492844,0.20047426776028202,0.5127598433654361,0.19539168678486302,0.47796939729807625,0.768508840444986,0.6882263312845411,0.06602488420670241,0.0,0.0,0.0,0.5952,2.9762,0.0,0.0007540583,0.8655937,0.0014404096,0.0003164733,0.00062547124,0.13044007,0.00036219694,0.00046755676,-0.4825257,-0.018375814,-0.037128,0.3840425,0.255174,0.12391789,0.17433318,0.047744345,-0.0539951,0.03301202
fomc_statement_19981117,1998-11-17,19981117,1998,11,4,greenspan,0,0,0,172,0,1,0,0,0,0,0,1,0.6284739338270047,0.843380888560442,0.49222723548964337,0.6177696663453822,0.8024184626277826,0.29559008566454664,0.44017927863531875,0.0,0.3487753331144503,0.4697439923582136,0.5994698562782507,0.24886175583683268,0.768508840444986,0.6882263312845411,0.06602488420670241,0.0,0.0,0.0,0.6329,3.1646,0.6329,0.000776789,0.9950084,0.0014841072,0.00032601325,0.0006443258,0.0009054311,0.0003731152,0.00048165105,-0.47221768,-0.043193728,-0.03649608,0.40013292,0.22535187,0.15023208,0.19749172,0.043893397,-0.08553195,-0.030908069
fomc_statement_19990518,1999-05-18,19990518,1999,5,2,greenspan,0,0,0,175,0,1,0,0,0,1,0,0,0.7579350800620905,0.7487004772223406,0.25615596514197886,0.7434233918540354,0.8474023100411561,0.33294551596945726,0.2788220736819736,0.33366370616251895,0.07651720254952149,0.6108612718987998,0.4858414696304254,0.0703594460561887,0.768508840444986,0.6882263312845411,0.06602488420670241,0.0,0.0,0.0,2.3669,4.7337,0.0,0.3154757,0.00064227264,0.3492071,0.00033112575,0.00065443,0.33282113,0.00037896636,0.00048920425,-0.11570164,0.040083528,0.05765588,0.17422289,0.16177838,-0.22960651,-0.06972049,-0.07515697,-0.04680835,0.1003281
fomc_statement_19990630,1999-06-30,19990630,1999,6,2,greenspan,0,1,0,182,0,1,0,0,0,1,0,0,0.8356230796933604,0.7772586645289778,0.3175312284210188,0.8444780933976639,0.82831791830774,0.3117879242291053,0.27922821320248054,0.17824052959955616,0.11566375232347373,0.6493563874456871,0.5337711012156375,0.12724929119310585,0.768508840444986,0.6882263312845411,0.06602488420670241,0.0,0.0,0.0,2.2857,1.7143,0.0,0.24719374,0.00058016164,0.35236743,0.00029910423,0.0005911433,0.39818406,0.00034231838,0.0004418957,-0.19152273,0.0666334,0.054581642,0.1653956,0.12899004,-0.1337333,-0.05580259,-0.04900938,0.0022790208,0.1005654
fomc_statement_19990824,1999-08-24,19990824,1999,8,3,greenspan,0,1,0,238,0,1,0,0,0,0,1,0,0.8467843530309694,0.7079048561443942,0.21948128769747477,0.8574616366996746,0.7537726246846927,0.23476093214057947,0.25964492011668566,0.34112154366234265,0.1551872243926115,0.6214805866362609,0.2743852377711379,0.41972398314668896,0.768508840444986,0.6882263312845411,0.06602488420670241,0.0,0.0,0.0,2.6201,0.8734,0.4367,0.52062374,0.47658908,0.0009813866,0.00021559234,0.0004260922,0.000598761,0.00024674085,0.00031851552,-0.3312157,0.042674243,-0.0127222575,0.30109003,0.15057537,0.05481565,0.0465336,-0.08789395,0.049987115,-0.010620534
fomc_statement_19991005,1999-10-05,19991005,1999,10,4,greenspan,0,1,0,193,0,1,0,0,0,0,0,1,0.8535099279804449,0.5966531808559942,0.09955722096134285,0.8634351938167841,0.6471655529495067,0.09728829481014185,0.2725732086625582,0.3407830212187748,0.09251063578612051,0.599344418613633,0.36020778459744784,0.1983700888366824,0.768508840444986,0.6882263312845411,0.06602488420670241,0.0,0.0,0.0,1.6043,1.6043,0.0,0.32961288,0.0005570309,0.23122765,0.0002871791,0.0005675748,0.43699464,0.00032867037,0.0004242776,-0.20300569,0.093490005,0.046482686,0.16325264,0.0129161,-0.16578832,-0.14263457,0.029598452,0.004688911,0.058886353
fomc_statement_19991116,1999-11-16,19991116,1999,11,4,greenspan,0,1,0,265,0,1,0,0,0,0,0,1,0.8818643370005836,0.5582123576787705,0.16025185687520266,0.8965321055706135,0.5677412930920035,0.1502706103383491,0.25774524274095395,0.22985297782207825,0.10517842840306474,0.5780123906760335,0.6173580102976679,0.27303096958998996,0.768508840444986,0.6882263312845411,0.06602488420670241,0.0,0.0,0.0,2.3166,2.3166,0.7722,0.42474177,0.41404107,0.0009088165,0.00019967859,0.0003946406,0.15919046,0.00022852789,0.00029500457,-0.20912737,0.06426692,-0.03745897,0.24766424,0.04930054,0.075697556,-0.03702019,-0.0101095885,0.09573322,0.024021048
fomc_statement_19991221,1999-12-21,19991221,1999,12,4,greenspan,0,1,0,174,0,1,0,0,0,0,0,1,0.9016178034152847,0.7400954444681038,0.24191971567101195,0.9071261864749665,0.7595698544054522,0.17912637675164178,0.22315700403763306,0.2761910583057892,0.051848899281250756,0.6290124962878094,0.5600478563820209,0.16717451462995592,0.768508840444986,0.6882263312845411,0.06602488420670241,0.0,0.0,0.0,1.7964,3.5928,0.0,0.11929487,0.00064229826,0.14865349,0.00033113896,0.05279728,0.5770165,0.0003789815,0.10088548,-0.18951967,0.029936492,0.01629072,0.2165068,0.10410266,-0.23957086,-0.052149445,0.012495609,-0.021085799,0.12134297
fomc_statement_20000202,2000-02-02,20000202,2000,2,1,greenspan,0,1,0,213,0,1,0,0,1,0,0,0,0.9675740917091188,0.7691671781254306,0.27151339350904247,1.0,0.7768619728282516,0.21954340969026326,0.25427289762958094,0.2639699279229297,0.08858212397281004,0.640428842832466,0.5952732666558826,0.32768619401215815,0.768508840444986,0.6882263312845411,0.06602488420670241,0.0,0.0,0.0,2.439,1.9512,0.4878,0.00052946963,0.5575454,0.0010114488,0.00022221495,0.000439181,0.4396696,0.00025432027,0.00032829973,-0.40139502,0.0506292,-0.050179794,0.28344443,0.031254683,0.17669383,0.14862752,0.05459957,0.1091821,0.0018010624
fomc_statement_20000321,2000-03-21,20000321,2000,3,1,greenspan,0,1,0,219,0,1,0,0,1,0,0,0,0.9938579873428699,0.5038014955471775,0.15831640014949055,0.9653125522812316,0.48596052573350457,0.20635115569574436,0.2522218379923884,0.23933724828270386,0.07461589198456678,0.7074117819101953,0.5593855582379818,0.1789586499326251,0.768508840444986,0.6882263312845411,0.06602488420670241,0.0,0.0,0.0,2.3697,1.8957,0.4739,0.00054629834,0.57637715,0.0010436248,0.00022927782,0.00045313992,0.42074925,0.00026240357,0.00033873442,-0.40667233,0.05190444,-0.019051112,0.27714735,0.008134846,0.18490797,0.1820605,0.0131211,0.09474719,-0.011313705
fomc_statement_20000516,2000-05-16,20000516,2000,5,2,greenspan,0,1,0,212,0,1,0,0,0,1,0,0,0.9936425302073562,0.8991194558913788,0.5225114407272566,0.9145785485088749,0.9432114882506529,0.4839141975627833,0.3404089021115468,0.271885711061691,0.10639868877389766,0.7809449343902721,0.859725558299023,0.69704024570403,0.768508840444986,0.6882263312845411,0.06602488420670241,0.0,0.0,0.0,2.439,3.4146,0.4878,0.00057687715,0.42745298,0.0011020402,0.00024211156,0.00047850425,0.56951267,0.00027709152,0.00035769492,-0.3839084,0.04446459,-0.046138644,0.26629993,0.00722822,0.16331163,0.1263998,0.100804366,0.102902226,0.009961046
fomc_statement_20000628,2000-06-28,20000628,2000,6,2,greenspan,0,0,0,187,0,1,0,0,0,1,0,0,1.0,0.3926124478625199,0.36134383066981157,0.9246707295899017,0.44072221976368553,0.3068712618715204,0.24592654985221102,0.19565797949118197,0.0737508791729575,0.7806181259318441,0.18415856089022642,0.5790462188166161,0.768508840444986,0.6882263312845411,0.06602488420670241,0.0,0.0,0.0,0.5525,2.7624,0.5525,0.00063389726,0.00051603303,0.24298759,0.0002660425,0.00052580086,0.7543731,0.00030447997,0.00039305046,-0.16445757,0.091196,-0.042963147,0.079810984,-0.009030251,-0.18337141,-0.15206577,0.1867734,0.0984141,0.15409373
fomc_statement_20000822,2000-08-22,20000822,2000,8,3,greenspan,0,0,0,190,0,1,0,0,0,0,1,0,0.9519349347574233,0.5230782719791576,0.16903566239892687,0.8746662405725691,0.4886157454529363,0.2116276263853698,0.17704408554372814,0.2289178095717221,0.033850007691804886,0.8113865003938523,0.6492810860468736,0.3267402213905495,0.768508840444986,0.6882263312845411,0.06602488420670241,0.0,0.0,0.0,1.087,2.1739,1.087,0.0006752184,0.0005496711,0.10974747,0.00028338475,0.0005600757,0.8874411,0.0003243278,0.0004186718,-0.1745712,0.095065296,-0.03167793,0.08533928,-0.009157492,-0.15203983,-0.13232595,0.14357695,0.09802433,0.16778274
fomc_statement_20001003,2000-10-03,20001003,2000,10,4,greenspan,0,0,0,200,0,1,0,0,0,0,0,1,0.9245729722382153,0.49478312060823937,0.1605736079932878,0.8404547868942842,0.6804111165198922,0.0663555509592016,0.1733943936788826,0.3424483635731044,0.07853622465223126,0.8945214068694871,0.6348493958436976,0.46387060520389195,0.768508840444986,0.6882263312845411,0.06602488420670241,0.0,0.0,0.0,2.0619,1.0309,1.0309,0.00059700396,0.00048599957,0.31775108,0.00025055866,0.0004951989,0.67976314,0.00028675902,0.00037017465,-0.1691136,0.07829273,-0.054596387,0.068544194,-0.016212305,-0.18168704,-0.13572101,0.24614537,0.14263418,0.14172989
fomc_statement_20001115,2000-11-15,20001115,2000,11,4,greenspan,0,0,0,204,0,1,0,0,0,0,0,1,0.8930552962379372,0.5989453511529742,0.11954539042023173,0.8335674082312361,0.646944284639554,0.11575917403519657,0.30186942410602163,0.29947387970228834,0.1201221364555495,0.9469248373071371,0.5230797168904339,0.3120139195516366,0.768508840444986,0.6882263312845411,0.06602488420670241,0.0,0.0,0.0,3.0151,2.0101,1.005,0.00060396123,0.0004916632,0.28085265,0.00025347856,0.0005009697,0.71663266,0.00029010078,0.0003744885,-0.119901426,0.08185285,-0.031406786,0.091057345,0.01473047,-0.17326662,-0.10983229,0.20206873,0.11083118,0.18430376
fomc_statement_20001219,2000-12-19,20001219,2000,12,4,greenspan,0,0,0,176,0,1,0,0,0,0,0,1,0.8601906615971484,0.2935731553039318,0.4963456498011331,0.7931302609997735,0.3627915209983627,0.3916481376148371,0.3136157100631725,0.2361617196940133,0.08278985750496934,0.9363772946355526,0.27753954713456863,0.4668040283031781,0.768508840444986,0.6882263312845411,0.06602488420670241,0.0,0.0,0.0,1.7647,1.7647,2.3529,0.10368856,0.00064208166,0.27081475,0.0003310273,0.0006542355,0.6230014,0.00037885367,0.0004890588,-0.24648158,0.09586382,0.0006107781,0.0617733,0.007521175,-0.1816118,-0.05484861,0.049740598,0.08095089,0.2113293
fomc_statement_20010103,2001-01-03,20010103,2001,1,1,greenspan,0,0,0,248,0,1,0,0,1,0,0,0,0.8171275142199366,0.1942207247266305,0.6195862280621426,0.7445806486570719,0.34462539275125026,0.39910284916489996,0.32557288024264436,0.2961187461504826,0.1113170135294656,0.8958334441757971,0.0,0.7954526729527495,0.768508840444986,0.6882263312845411,0.06602488420670241,0.0,0.0,0.0,0.4184,0.8368,1.2552,0.00047574312,0.26864845,0.0009088376,0.00019966626,0.00039461622,0.7288492,0.00022851377,0.00029498636,-0.32513508,0.041656077,0.04751189,0.21422265,-0.18490048,0.16204295,0.036716443,0.06413474,0.123404406,-0.040378463
fomc_statement_20010131,2001-01-31,20010131,2001,1,1,greenspan,0,0,0,277,0,1,0,0,1,0,0,0,0.7288219619411141,0.39808610042962544,0.43395810800442536,0.7114752334783399,0.7610855423286278,0.2063619284002965,0.30732019009717365,0.11478167653240176,0.16126923709496102,0.8219042744594818,0.5127866270712077,0.24673172007953842,0.768508840444986,0.6882263312845411,0.06602488420670241,0.0,0.0,0.0,0.3731,1.1194,0.7463,0.00042831758,0.12341361,0.0008182631,0.00017976206,0.000355278,0.87433344,0.00020573386,0.00026557996,-0.22309549,0.025336027,0.08788532,0.13387124,-0.27673724,0.11186683,-0.13763796,0.1561141,0.041696765,-0.083872795
fomc_statement_20010320,2001-03-20,20010320,2001,3,1,greenspan,1,0,0,255,0,1,0,0,1,0,0,0,0.6792736954023573,0.36823778448589006,0.402513123733105,0.6849109295904552,0.49663672168871986,0.19872408087284765,0.2972613256573228,0.4081123142240548,0.1747036882971216,0.8668597590849552,0.574986189405061,0.3137780761008576,0.768508840444986,0.6882263312845411,0.06602488420670241,0.0,0.0,0.0,0.0,2.439,1.626,0.00047142786,0.00038377257,0.07348194,0.00019785519,0.00039103688,0.9245551,0.00022644104,0.0002923107,-0.2166261,-0.02267757,0.13474433,0.084484585,-0.2951259,0.031053022,-0.16959687,0.1104496,0.006732449,-0.04269241
fomc_statement_20010418,2001-04-18,20010418,2001,4,2,greenspan,1,0,0,305,0,1,0,0,0,1,0,0,0.6386508852257183,0.5332865713892055,0.26194996027611195,0.6720911266563387,0.7497897951055451,0.22783408311357017,0.37094596526476437,0.2948474063068612,0.14941608738435622,0.9242172283674481,0.6795636767618809,0.4615408155407194,0.768508840444986,0.6882263312845411,0.06602488420670241,0.0,0.0,0.0,0.339,2.0339,1.3559,0.21371995,0.06610658,0.0007222893,0.00015868637,0.00031362442,0.7185627,0.00018161316,0.00023444279,-0.12519157,-0.025461257,0.17459247,0.056013465,-0.22387184,0.20691565,-0.10869759,-0.03911895,-0.0016941577,0.02643
fomc_statement_20010515,2001-05-15,20010515,2001,5,2,greenspan,1,0,0,278,0,1,0,0,0,1,0,0,0.628575959577179,0.5909791199569122,0.22370612737879264,0.7238481122198963,0.7891976811081118,0.26527784959580814,0.32240243030736243,0.12620445815251377,0.1822895050860313,0.9363020330514673,0.5038288157681895,0.1434532338778589,0.768508840444986,0.6882263312845411,0.06602488420670241,0.0,0.0,0.0,0.7435,2.974,1.8587,0.19410163,0.00032443492,0.0007613889,0.00016726348,0.00033057606,0.80387616,0.00019142948,0.0002471146,-0.10725556,0.016031146,0.10708239,0.10766035,-0.28330627,0.14980525,-0.14590509,0.09412095,0.04962734,-0.011517553
fomc_statement_20010627,2001-06-27,20010627,2001,6,2,greenspan,1,0,0,225,0,1,0,0,0,1,0,0,0.6188242977526992,0.39550584315542925,0.3221619695128441,0.7529656188733318,0.5051998052838873,0.18155454435768825,0.21731472287154918,0.2611968649060365,0.03925199259323834,0.9971792199535301,0.5732144655681267,0.24913616524288767,0.768508840444986,0.6882263312845411,0.06602488420670241,0.0,0.0,0.0,0.4587,0.9174,1.8349,0.0005085685,0.12717158,0.00097147113,0.00021344287,0.00042184404,0.8701534,0.00024428082,0.0003153399,-0.34399185,0.043638766,-0.011043444,0.20434669,-0.12793224,0.20576921,0.0027542338,-0.07862739,0.10849009,-0.09650454
fomc_statement_20010821,2001-08-21,20010821,2001,8,3,greenspan,1,0,0,223,0,1,0,0,0,0,1,0,0.5777363563995378,0.4203940528827486,0.2907516353619329,0.7072343975007049,0.5010288976412799,0.1994178430460038,0.23425355949230142,0.23481938417125472,0.058005751166260965,0.9581257599529835,0.16502821634258824,0.5348326758380837,0.768508840444986,0.6882263312845411,0.06602488420670241,0.0,0.0,0.0,0.4651,0.9302,1.8605,0.00054055627,0.19211806,0.0010325721,0.00022686792,0.00044837702,0.8050387,0.0002596455,0.00033517403,-0.3463151,0.06070459,-0.0027959794,0.22287516,-0.091598295,0.17467296,-0.024720348,-0.0461152,0.102458425,-0.08242912
fomc_statement_20010917,2001-09-17,20010917,2001,9,3,greenspan,1,0,0,239,0,1,0,0,0,0,1,0,0.5417372032288884,0.36567005273244235,0.5351686347110057,0.6661383337163171,0.48436739390184547,0.2293293345054036,0.25886830361455093,0.42207636502122814,0.18687112167917314,0.9079977754106014,0.3830784350230584,0.32413097803076957,0.768508840444986,0.6882263312845411,0.06602488420670241,0.0,0.0,0.0,0.0,2.5974,0.8658,0.00052947365,0.09622039,0.0010114489,0.00022221662,0.00043918428,0.9009946,0.00025432216,0.0003283022,-0.32396677,0.00039702654,0.11401322,0.18508153,-0.14004496,0.08829449,-0.09767975,-0.07234301,0.07082216,-0.038120165
fomc_statement_20011002,2001-10-02,20011002,2001,10,4,greenspan,1,0,0,196,0,1,0,0,0,0,0,1,0.48502729149756774,0.0,1.0,0.6388188070446326,0.4867349648183388,0.2177271317027768,0.39570735853795175,0.6402931040157225,0.47880234678773254,0.8872280122495875,0.4034524961315074,0.26390719312469924,0.768508840444986,0.6882263312845411,0.06602488420670241,0.0,0.0,0.0,0.0,2.139,1.6043,0.0006110295,0.20163512,0.0011671535,0.00025644508,0.00050683273,0.79515094,0.00029349592,0.00037887125,-0.40375748,0.019600034,0.051819578,0.27629873,-0.13612089,0.0067023635,0.0019181967,-0.06152751,0.12707698,0.030507196
fomc_statement_20011106,2001-11-06,20011106,2001,11,4,greenspan,1,0,0,195,0,1,0,0,0,0,0,1,0.39318989835704177,0.43685258714631064,0.2975603840223345,0.5951715180353687,0.537626676107448,0.19365660065153323,0.4391811525607094,0.22499659126706129,0.09700446288266218,0.90359307720083,0.6109379911917399,0.26003284169435703,0.768508840444986,0.6882263312845411,0.06602488420670241,0.0,0.0,0.0,0.0,2.6882,2.6882,0.15698396,0.00051583303,0.0012103824,0.0002659394,0.0005255971,0.839801,0.00030436198,0.0003928981,-0.4120658,0.06904894,0.05039961,0.2563385,-0.1647357,0.063788,-0.006451957,-0.019999806,0.054461807,-0.009213254
fomc_statement_20011211,2001-12-11,20011211,2001,12,4,greenspan,0,0,0,215,0,1,0,0,0,0,0,1,0.4083965786219337,0.9698635970790486,0.7288900328928644,0.6245496645497752,0.9920785945036954,0.6190707034145165,0.3203506365550683,0.11639812120043819,0.18117795919274285,0.9441389739829922,0.5688912152407927,0.2183579220078698,0.768508840444986,0.6882263312845411,0.06602488420670241,0.0,0.0,0.0,0.4854,2.9126,1.4563,0.18000108,0.07350814,0.0010115972,0.0002222387,0.00043922794,0.744235,0.00025434745,0.00032833483,-0.3477795,0.06856769,0.07752529,0.25684902,-0.1856177,0.07190052,-0.010366619,-0.02275518,0.117791764,-0.004882559
fomc_statement_20020130,2002-01-30,20020130,2002,1,1,greenspan,0,0,0,153,0,1,0,0,1,0,0,0,0.4475293128729779,0.500857998171274,0.32706743655934206,0.6966070939130111,0.560893038898969,0.1513371080890084,0.23787261171106777,0.2641481223758633,0.031903779985344334,0.9750938438070542,0.6240740797260467,0.3082081704728081,0.768508840444986,0.6882263312845411,0.06602488420670241,0.0,0.0,0.0,0.6803,1.3605,2.0408,0.0009145639,0.00074451376,0.0017474889,0.00038383648,0.0007586064,0.99444467,0.00043929266,0.00056707894,-0.25843456,0.07395172,0.08651753,0.0857714,-0.18790834,-0.1610718,-0.114059076,-0.08384603,0.103203095,0.047062073
fomc_statement_20020319,2002-03-19,20020319,2002,3,1,greenspan,0,0,0,277,0,1,0,0,1,0,0,0,0.468293662294767,0.9260242744592107,0.5907573278817144,0.6909800019221695,0.8258729034827633,0.3446726821448886,0.2218513223731236,0.16781591901790877,0.10589355837071146,1.0,0.3847692791327252,0.1646301744752845,0.768508840444986,0.6882263312845411,0.06602488420670241,0.0,0.0,0.0,0.0,0.3704,0.3704,0.000494004,0.03352339,0.00094369217,0.00020733023,0.00040976316,0.96387815,0.00023728503,0.0003063091,-0.35211766,0.041957617,0.059623517,0.10525447,-0.12584676,-0.048491947,-0.07113856,-0.100617096,0.050279967,-0.038716942
fomc_statement_20020507,2002-05-07,20020507,2002,5,2,greenspan,0,0,0,199,0,1,0,0,0,1,0,0,0.5033133370154266,0.3588561694452447,0.3765403834778326,0.7261665809073192,0.5118489179979644,0.1574947860109968,0.1884231014431157,0.3228027777647175,0.06913402409399091,0.9600631533867054,0.21994249909201066,0.4008129378654378,0.768508840444986,0.6882263312845411,0.06602488420670241,0.0,0.0,0.0,0.0,1.5789,0.5263,0.0006495248,0.0005287549,0.0012406893,0.0002726013,0.00053876353,0.9960549,0.00031198637,0.00040274038,-0.33981588,0.12039584,0.038083665,-0.11405285,-0.08053131,-0.09676626,-0.024696298,-0.1977735,-0.023807272,-0.12686917
fomc_statement_20020626,2002-06-26,20020626,2002,6,2,greenspan,0,0,0,222,0,1,0,0,0,1,0,0,0.4577878223752001,0.3643548730538473,0.37390449931813513,0.6915936327936361,0.4540204451918397,0.25039859006842824,0.24442768000309095,0.43137303762770995,0.17913140063302496,0.8439481425714606,0.20229698425439574,0.4582088934877873,0.768508840444986,0.6882263312845411,0.06602488420670241,0.0,0.0,0.0,0.939,0.4695,0.4695,0.00057047093,0.0004644,0.0010897366,0.00023942292,0.00047319048,0.99653494,0.00027401443,0.00035372275,-0.31738025,0.102856874,-0.0043360367,-0.06222402,-0.15954718,-0.08915685,-0.047341913,-0.19236307,0.0048929527,-0.062826455
fomc_statement_20020813,2002-08-13,20020813,2002,8,3,greenspan,0,0,0,196,0,1,0,0,0,0,1,0,0.3451860798128852,0.20633290329045434,0.660532770351377,0.597421761569503,0.4178873301765722,0.33058413913163387,0.49542576744006345,0.4199032390015468,0.2915425793712813,0.7390902959578862,0.5644504604040324,0.3494654229015499,0.768508840444986,0.6882263312845411,0.06602488420670241,0.0,0.0,0.0,0.0,1.5957,2.1277,0.00060387555,0.0004915935,0.001153516,0.00025344262,0.0005008987,0.99633217,0.0002900597,0.00037443542,-0.28506464,0.112981796,0.07160388,-0.102808625,-0.15725131,-0.13983291,-0.012889862,-0.19261545,0.040033683,-0.06792725
fomc_statement_20020924,2002-09-24,20020924,2002,9,3,greenspan,0,0,0,234,0,1,0,0,0,0,1,0,0.2983136065321479,0.5041647356488846,0.21858285957543705,0.4983402501114343,0.44399699075098475,0.30900210283192864,0.4678598226532466,0.443661872499283,0.244330846714018,0.7566118992527842,0.5011155298232549,0.13987111501352378,0.768508840444986,0.6882263312845411,0.06602488420670241,0.0,0.0,0.0,0.0,1.7699,1.7699,0.0005136398,0.00041813578,0.0009812401,0.00021557127,0.00042605057,0.9968801,0.00024671672,0.00031848438,-0.28561237,0.111694515,0.03381776,-0.095993996,-0.0832921,-0.13811342,-0.052337825,-0.19809188,0.013082936,-0.060667936
fomc_statement_20021106,2002-11-06,20021106,2002,11,4,greenspan,0,0,0,275,0,1,0,0,0,0,0,1,0.26496415427605857,0.6199757004897479,0.38244822900759584,0.4712002841330442,0.8380205336991637,0.41399719047865285,0.4825969708092654,0.1219564716557979,0.209315038129473,0.7598048299541622,0.43122323720345374,0.13274151474664714,0.768508840444986,0.6882263312845411,0.06602488420670241,0.0,0.0,0.0,0.7519,0.7519,1.1278,0.00042476022,0.0003457821,0.00081140856,0.00017826908,0.0003523273,0.99742,0.00020402517,0.00026337424,-0.3236471,0.086520374,-0.049658917,-0.028950337,-0.1872123,-0.014278434,0.10363053,-0.11187364,-0.025106471,-0.032078743
fomc_statement_20021210,2002-12-10,20021210,2002,12,4,greenspan,0,0,0,192,0,1,0,0,0,0,0,1,0.26839303193812214,0.7389931986422336,0.2780944413781838,0.49869343887599743,0.7344780280568218,0.20009005981005568,0.36075360778934756,0.19746907456426988,0.1383041045883712,0.7270493041136015,0.47347602755404444,0.1570724820835207,0.768508840444986,0.6882263312845411,0.06602488420670241,0.0,0.0,0.0,0.0,0.0,0.5405,0.00061836623,0.00050338986,0.0011811882,0.00025952427,0.00051291834,0.99624413,0.00029702,0.0003834204,-0.32111233,0.106496274,0.01017904,-0.09482603,-0.14985569,-0.10338209,-0.015362911,-0.22732075,-0.008371621,-0.110272124
fomc_statement_20030129,2003-01-29,20030129,2003,1,1,greenspan,0,0,0,191,0,1,0,0,1,0,0,0,0.23961223965270625,0.5743452284028709,0.14069928893002903,0.4885990825002285,0.6658516617250079,0.1462717824086044,0.3321555937638854,0.29969203861036536,0.14898238818647824,0.6371004886682528,0.21278845831031573,0.3718291169229559,0.6222039515124833,0.7665754179364015,0.061498386173710874,0.0,0.0,0.0,0.0,0.5435,1.6304,0.0006110396,0.00049742544,0.0011671926,0.0002564493,0.00050684105,0.99628866,0.00029350075,0.00037887748,-0.33945492,0.072888434,0.030071065,-0.19870262,-0.18167457,-0.13541245,-0.0018705502,-0.17379753,-0.0493172,-0.030767005
fomc_statement_20030318,2003-03-18,20030318,2003,3,1,greenspan,0,0,0,248,0,1,0,0,1,0,0,0,0.2141048646596395,0.4923155930207799,0.2046658862139546,0.4487652829287219,0.4743439394609905,0.23781607115155906,0.4263909742480149,0.23551335518056882,0.05695016426110041,0.5895562338767295,0.40360662542309256,0.18637812876325094,0.7025878839556499,0.7343456777370315,0.08758341225873695,0.0,0.0,0.0,0.0,0.4149,0.4149,0.034301355,0.00039844212,0.00093494856,0.00020541814,0.00040598412,0.96321523,0.00023509667,0.00030348418,-0.26258332,-0.0005878806,-0.022411507,-0.100873634,-0.2520917,-0.16318138,0.050759207,-0.06562671,-0.08947521,0.09575026
fomc_statement_20030506,2003-05-06,20030506,2003,5,2,greenspan,0,0,0,238,0,1,0,0,0,1,0,0,0.22078544203476533,0.5887621027844233,0.14382027477545484,0.4762463746735574,0.633159268929504,0.047158591447334405,0.2784221355021927,0.09184301962019661,0.1986342326281251,0.585032784346676,0.2683467268126979,0.3485355920097093,0.6711272246983455,0.5939001084654719,0.11826413125114427,0.0,0.0,0.0,0.8696,2.6087,2.1739,0.00051882304,0.00042235525,0.0009912106,0.00021774662,0.00043034987,0.9968485,0.00024920635,0.00032169823,-0.24866861,0.08600402,-0.041329607,-0.17490686,-0.2505682,-0.11410958,0.039643686,-0.01821236,-0.035760853,0.07043114
fomc_statement_20030625,2003-06-25,20030625,2003,6,2,greenspan,0,0,0,322,0,1,0,0,0,1,0,0,0.16669351417775138,0.47350226085649516,0.20950452802823488,0.3566391775329231,0.5478160817807675,0.15312753158556974,0.19796259876745936,0.2731039216884747,0.019154877507410815,0.4588738631144289,0.43034576846423134,0.1391121174283938,0.6058282090623015,0.7024086221441731,0.039820208651377496,0.0,0.0,0.0,1.2903,0.9677,0.9677,0.0003595915,0.23084551,0.00068691873,0.00015091819,0.00029827157,0.767263,0.00017272265,0.0002229661,-0.22592247,0.09016734,-0.12885599,0.022211831,-0.24144958,0.10644871,0.064895265,0.03930317,0.008617744,0.120347306
fomc_statement_20030812,2003-08-12,20030812,2003,8,3,greenspan,0,0,0,234,0,1,0,0,0,0,1,0,0.21098003310759034,0.8508085223643174,0.4229938199035242,0.500045087927391,1.0000000000000002,0.5929361221710878,0.184046384483125,0.2861572530784385,0.03593180473734752,0.5097945067961276,0.5353597011417776,0.1697669436878943,0.6832907434248652,0.8125785513833652,0.1651984379257107,0.0,0.0,0.0,2.2026,0.8811,1.7621,0.0004892594,0.00039828854,0.0009346097,0.00020533895,0.00040582762,0.99702823,0.00023500604,0.00030336718,-0.15206681,0.13651979,-0.12544614,-0.12119827,-0.18259877,0.045392245,0.08213801,-0.02181251,-0.088799246,0.07598062
fomc_statement_20030916,2003-09-16,20030916,2003,9,3,greenspan,0,0,0,232,0,1,0,0,0,0,1,0,0.25655945109208955,0.5651890727356991,0.27931214560970596,0.5723957865727363,0.6139753064566094,0.16750262853991071,0.17409387013890232,0.24736493189586672,0.04002512633542444,0.5425500110964525,0.5125653523456647,0.2876805982125052,0.7640457186201666,0.7377373758242516,0.11007607111503218,0.0,0.0,0.0,2.2321,0.4464,2.2321,0.0004939458,0.00040210361,0.00094354193,0.00020730583,0.0004097149,0.9969998,0.00023725709,0.00030627302,-0.1742455,0.14616483,-0.11840907,-0.12360862,-0.162932,0.04376249,0.070862465,-0.043246027,-0.09033629,0.09197609
fomc_statement_20031028,2003-10-28,20031028,2003,10,4,greenspan,0,0,0,233,0,1,0,0,0,0,0,1,0.2344700168506542,0.7104350113355964,0.27224352104623567,0.5333903787900061,0.7278842324202329,0.2297860971784133,0.1727488746788246,0.22054267028384167,0.08596493368519109,0.4484550664325644,0.2558973529438695,0.38903115656502646,0.7646859596520845,0.7642425494550902,0.10186062134114085,0.0,0.0,0.0,2.2222,0.4444,1.7778,0.0004892583,0.0003982877,0.0009345855,0.00020533851,0.00040582675,0.99702823,0.00023500556,0.00030336654,-0.17790493,0.15034479,-0.10144764,-0.13408995,-0.17624293,0.03986834,0.072261535,-0.022970546,-0.10872446,0.07951163
fomc_statement_20031209,2003-12-09,20031209,2003,12,4,greenspan,0,0,0,223,0,1,0,0,0,0,0,1,0.27056916463096914,0.6727331938825357,0.23156180467727128,0.5480613575500328,0.6049807496570342,0.15718022303807505,0.13644881479048743,0.27079914805185035,0.03177250469772638,0.4171600762843146,0.24338846380403303,0.40117007363655355,0.793102423978008,0.677883373792676,0.032772422382812,0.0,0.0,0.0,1.8605,0.9302,0.9302,0.00050856546,0.00041400496,0.000971479,0.0002134416,0.00042184154,0.996911,0.00024427936,0.00031533802,-0.17764457,0.15663761,-0.1231468,-0.11837661,-0.12569803,-0.007854395,0.049179476,-0.057968017,-0.08022316,0.03917386
fomc_statement_20040128,2004-01-28,20040128,2004,1,1,greenspan,0,0,0,225,0,1,0,0,1,0,0,0,0.24754009354183257,0.483422473289327,0.21025445563423334,0.5197269570039151,0.5456255255122362,0.18517417308719858,0.1211010953770067,0.22833997056735422,0.045274979127842695,0.31626263897571705,0.37923588496155924,0.21756865867942493,0.7892434732678151,0.6922507446240725,0.0416697299814183,0.0,0.0,0.0,1.8433,1.3825,0.9217,0.0004939534,0.00040210978,0.000943618,0.000207309,0.0004097212,0.99699974,0.00023726073,0.00030627774,-0.14793622,0.15473336,-0.15991664,-0.13672338,-0.07567249,-0.004843183,0.027832698,-0.033678133,-0.077242725,0.016559694
fomc_statement_20040316,2004-03-16,20040316,2004,3,1,greenspan,0,0,0,224,0,1,0,0,1,0,0,0,0.23226107342651062,0.47442914939188596,0.20395555874556665,0.486338555754584,0.47603664203212825,0.23858955133840082,0.11969474334949676,0.2869311529980394,0.08476423510436146,0.3237299063794574,0.6521393450878537,0.3593401260870867,0.8477271310756924,0.709872079610213,0.09192394906680623,0.0,0.0,0.0,1.8519,0.9259,0.9259,0.00049396435,0.101015046,0.0009436172,0.00020731358,0.00040973024,0.89638674,0.00023726597,0.0003062845,-0.16181767,0.15314215,-0.13402085,-0.13392681,-0.0717834,-0.03438516,0.039330304,-0.011797357,-0.061249387,0.020737614
fomc_statement_20040504,2004-05-04,20040504,2004,5,2,greenspan,0,0,0,222,0,1,0,0,0,1,0,0,0.27503907992459786,1.0,0.6636141560591924,0.5312765855624502,0.9671859096340223,0.525962217970595,0.12019436663253674,0.22539200428795095,0.06399111363089383,0.3756394192088972,0.6399616050200367,0.29177622585508295,0.8788220519804639,0.7120413890467091,0.05520597728389937,0.0,0.0,0.0,1.3953,1.8605,1.3953,0.0005136527,0.38336387,0.0009813363,0.00021557666,0.00042606122,0.61393416,0.0002467229,0.00031849236,-0.2018274,0.1568799,-0.1221962,-0.1417598,-0.077987514,-0.011795983,-0.00053185225,0.022193678,-0.10129008,0.0009869412
fomc_statement_20040630,2004-06-30,20040630,2004,6,2,greenspan,0,1,0,303,0,1,0,0,0,1,0,0,0.3918238782440634,0.7463331538008693,0.2730330487898446,0.6310472699457719,0.6246846926583176,0.0656725614905976,0.11315584490852537,0.212373465482465,0.0542331883966005,0.37249008594489474,0.4168449581409261,0.14570164232011806,0.9301643966046538,0.627679355405196,0.05807612301118797,0.0,0.0,0.0,2.0548,1.0274,0.6849,0.00035709643,0.99770546,0.0006821624,0.00014987103,0.000296202,0.00041623434,0.0001715242,0.00022141903,-0.20345068,0.15668625,-0.120534256,-0.16691674,-0.085258015,-0.0016018376,0.008241914,0.011996366,-0.12867974,-0.014716838
fomc_statement_20040810,2004-08-10,20040810,2004,8,3,greenspan,0,1,0,321,0,1,0,0,0,0,1,0,0.38063682504614993,0.5969036912709647,0.21989956415098544,0.5826926431136299,0.5721777227065541,0.14283959873830082,0.1122136854509978,0.31018482385078683,0.05665251151913384,0.3547478675543454,0.5477510857721878,0.22242496533731682,0.8916258117389015,0.6711171943597956,0.011296063244115195,0.0,0.0,0.0,1.6129,1.2903,0.6452,0.00033396712,0.99785405,0.0006379894,0.00014016381,0.00027701684,0.00038927462,0.00016041449,0.00020707762,-0.1289767,0.14560252,-0.13372523,-0.15687574,-0.11988857,-0.003858,-0.0155796185,0.1198428,-0.11019857,-0.020503351
fomc_statement_20040921,2004-09-21,20040921,2004,9,3,greenspan,0,1,0,302,0,1,0,0,0,0,1,0,0.3578471160539003,0.5948119293059609,0.08171735896782241,0.5282078379429147,0.5717351860866488,0.07613932123343158,0.10328039333114386,0.18956410533690035,0.07245428010942878,0.36046320295509604,0.49564622902086697,0.09790194504480844,0.8664755314676877,0.629177211920872,0.06309275140443973,0.0,0.0,0.0,1.7182,1.0309,0.6873,0.00035463265,0.99772125,0.0006774156,0.000148837,0.00029415835,0.00041336246,0.00017034076,0.00021989136,-0.21838354,0.14528298,-0.117551,-0.1694418,-0.10434318,-0.014848404,-0.005930014,0.07600778,-0.13947487,-0.057102695
fomc_statement_20041110,2004-11-10,20041110,2004,11,4,greenspan,0,1,0,283,0,1,0,0,0,0,0,1,0.37718872967004125,0.6262134098225134,0.17285460066973735,0.5085006563457501,0.6162654334646193,0.10526440526052709,0.09118482313621695,0.28666550691385073,0.04130270888532626,0.30822093656213134,0.22564528288066124,0.40527747129042035,0.8959242319560903,0.7786615705111651,0.11860289782367708,0.0,0.0,0.0,1.8315,1.0989,0.7326,0.00037803288,0.99757093,0.00072212453,0.00015865792,0.00031356822,0.00044063793,0.0001815806,0.00023440077,-0.21176678,0.1634736,-0.1386822,-0.14525741,-0.07177298,-0.0019198954,0.032038946,-0.0014292039,-0.10738593,-0.03374626
fomc_statement_20041214,2004-12-14,20041214,2004,12,4,greenspan,0,1,0,341,0,1,0,0,0,0,0,1,0.42134228701734056,0.740408582486817,0.27680248688864195,0.5284271472037774,0.6703212815860514,0.11219125428753642,0.06323049282305893,0.24314280475247896,0.012362506005708082,0.234517443896894,0.2731705158295361,0.32337063530149224,0.9551706624266834,0.7199352650517363,0.054449158345262254,0.0,0.0,0.0,1.5198,0.9119,0.6079,0.000323486,0.9979214,0.00061793014,0.00013576495,0.00026832303,0.00037705767,0.00015538008,0.00020057875,-0.21000874,0.16244227,-0.14618659,-0.14631264,-0.084000744,-0.0027827919,0.02903096,0.014275454,-0.12086315,-0.026998896
fomc_statement_20050202,2005-02-02,20050202,2005,2,1,greenspan,0,1,0,287,0,1,0,0,1,0,0,0,0.4669871702228552,0.7003018650500396,0.1632441422733944,0.5321702361935032,0.5768464840465549,0.05742928796731993,0.05798680524699107,0.2875517774779138,0.02758859906162025,0.22556387867875727,0.6233370059850998,0.28032904916131945,0.946266962475351,0.6339032074789526,0.053004715342377696,0.0,0.0,0.0,1.7921,1.0753,0.7168,0.000364663,0.9976568,0.00069657806,0.00015304667,0.00030247826,0.0004250539,0.00017515865,0.00022611071,-0.1807105,0.14954782,-0.115703985,-0.18680324,-0.07560693,0.015657634,0.065513,0.047509417,-0.11970028,-0.01710073
fomc_statement_20050322,2005-03-22,20050322,2005,3,1,greenspan,0,1,0,314,0,1,0,0,1,0,0,0,0.5224933968403266,0.8141588486541329,0.3452636997913568,0.5499607853684139,0.8434194804620083,0.3062335177620353,0.04270590962656723,0.29890074239852554,0.016257415162322986,0.2332034895095929,0.3136286918543433,0.25456785730979914,1.0,0.7725065854036466,0.10885795301379719,0.0,0.0,0.0,1.634,1.3072,0.6536,0.0003339619,0.9978541,0.0006379569,0.00014016163,0.00027701253,0.00038926856,0.00016041199,0.0002070744,-0.12735164,0.121123016,-0.15989317,-0.19738902,-0.11108095,-0.021761581,0.05278472,0.20313382,-0.08965326,-0.06583651
fomc_statement_20050503,2005-05-03,20050503,2005,5,2,greenspan,0,1,0,308,0,1,0,0,0,1,0,0,0.5474920492567198,0.45943610105590144,0.24804041194043147,0.5649630021915106,0.44856618135150694,0.25646362273126844,0.08349527654888628,0.30465844495954186,0.06591348549588694,0.261491010387197,0.4562364373853568,0.05304273287555837,0.9956103441096633,0.6355387979271043,0.05826640891575958,0.0,0.0,0.0,2.0,2.3333,0.6667,0.00034057553,0.9978116,0.00065057713,0.00014293732,0.00028249834,0.00039697738,0.00016358872,0.0002111752,-0.11120406,0.14889205,-0.1397029,-0.18797766,-0.08795604,0.013364971,0.07417918,0.13958271,-0.10594687,-0.021935761
fomc_statement_20050630,2005-06-30,20050630,2005,6,2,greenspan,0,1,0,286,0,1,0,0,0,1,0,0,0.5374171236081805,0.6186855718526498,0.11497899955202344,0.49063456511705267,0.602911890958977,0.10572332247444717,0.040207793211367165,0.2419824250431381,0.008957595832834349,0.34067737622781236,0.6166056762308216,0.23864269574957991,0.8961069685223666,0.6290480863591758,0.05755571989338224,0.0,0.0,0.0,2.518,1.4388,0.7194,0.00036726327,0.99764013,0.00070154725,0.00015413799,0.00030463512,0.0004280848,0.00017640764,0.00022772304,-0.19845039,0.14816082,-0.12510535,-0.22363158,-0.08955383,-0.004816383,0.07240768,0.09301956,-0.1196893,-0.05109977
fomc_statement_20050809,2005-08-09,20050809,2005,8,3,greenspan,0,1,0,296,0,1,0,0,0,0,1,0,0.5767468784885815,0.7925648508836756,0.3057402874474989,0.5243209817461132,0.7830353586759305,0.20172966544288745,0.026091725750053113,0.2715565920193334,0.019067156170357695,0.3713841025347968,0.38802888474486263,0.1676446425094471,0.8732431496994395,0.6951173320937281,0.04199696407488616,0.0,0.0,0.0,2.4306,1.3889,0.6944,0.00034746414,0.9977673,0.00066373986,0.00014582842,0.00028821226,0.0004050068,0.00016689753,0.0002154465,-0.12545356,0.15384585,-0.13420437,-0.20218547,-0.047361568,0.0153723955,0.06206984,0.09323943,-0.11613853,-0.061260186
fomc_statement_20050920,2005-09-20,20050920,2005,9,3,greenspan,0,1,0,376,0,1,0,0,0,0,1,0,0.5884381232574182,0.4793642045668049,0.23668507248062687,0.5256166663964028,0.5670000442536621,0.1382525811400107,0.05516988968954656,0.25277282793186295,0.013746621927648778,0.33465356310934746,0.4602804237487296,0.12105053067618042,0.9143981296687005,0.7695366974846342,0.10240264785719333,0.0,0.0,0.0,1.8919,2.1622,1.3514,0.00031366418,0.9790991,0.0005992289,0.0001316428,0.00026017608,0.019251011,0.00015066237,0.00019448869,-0.09136967,0.02820468,-0.0877341,-0.14217146,-0.14161716,-0.16598207,0.03908535,0.33898205,0.0750735,-0.0019269623
fomc_statement_20051101,2005-11-01,20051101,2005,11,4,greenspan,0,1,0,300,0,1,0,0,0,0,0,1,0.6257204885049166,0.7666495484549771,0.27348102534656304,0.5659175610753548,0.7747488604682039,0.19127798748642644,0.08235612309951124,0.31443751204810777,0.0578239696542791,0.37540493220135374,0.5152511697039802,0.09527622366922368,0.9558273470973664,0.6725547922800131,0.022577710889399208,0.0,0.0,0.0,2.3891,2.0478,0.6826,0.00034284728,0.997797,0.0006549304,0.00014389076,0.0002843827,0.0003996253,0.0001646799,0.0002125838,-0.109563105,0.06863856,-0.1226535,-0.27289748,-0.058525227,-0.082755014,0.10523365,0.17735608,-0.061132904,-0.068393454
fomc_statement_20051213,2005-12-13,20051213,2005,12,4,greenspan,0,1,0,248,0,1,0,0,0,0,0,1,0.659610692861088,0.5743577539236194,0.08577637307289644,0.5916378506031301,0.5788489622516264,0.09276160435734353,0.03793617062380464,0.23265989308332824,0.03117747185198145,0.41739034140563014,0.4911764795648976,0.12715176824242458,0.9026003492947139,0.5755901038169516,0.13623894143374665,0.0,0.0,0.0,3.75,1.6667,0.4167,0.00041451695,0.99733645,0.00079184416,0.00017397004,0.00034383076,0.00048316404,0.00019910501,0.00025702285,-0.20642352,0.08542907,-0.109975964,-0.25407237,0.021285914,-0.011781447,0.040625714,0.024681669,0.015563436,-0.18296851
fomc_statement_20060131,2006-01-31,20060131,2006,1,1,bernanke,0,1,0,260,1,0,0,0,1,0,0,0,0.6546940828970939,0.6265766499242207,0.10587839292741542,0.5674076379740016,0.656126919502589,0.07090163228019374,0.03286416938740025,0.3072298050204759,0.03573550524184404,0.37737308509187995,0.3093527485372978,0.2506043900796964,0.8826597850922502,0.7714477557977378,0.09574984899660224,0.0,0.0,0.0,3.1621,1.9763,0.3953,0.38062653,0.61721146,0.00076123956,0.00016724535,0.00033054024,0.00046448768,0.00019140873,0.00024708782,-0.187358,0.117378175,-0.052252598,-0.21712469,0.11997732,0.026493028,-0.047046073,-0.0871523,0.0508394,-0.13517156
fomc_statement_20060328,2006-03-28,20060328,2006,3,1,bernanke,0,1,0,322,1,0,0,0,1,0,0,0,0.7050265259138374,0.5978932074100981,0.06133813815003007,0.616515312295201,0.6981789618090898,0.09731414930106692,0.034638641500685796,0.25460978235827897,0.0004944293542993861,0.38949200950949714,0.4119586017878998,0.09955277319961704,0.9530836464034182,0.6704801749220943,0.0662598584676507,0.0,0.0,0.0,2.5478,1.9108,0.3185,0.68305635,0.31511986,0.00064217806,0.00014108277,0.00027883303,0.0003918268,0.00016146622,0.00020843527,-0.09707836,0.08932066,-0.0249806,-0.14967282,-0.023176966,0.038252622,-0.1298335,0.18039098,0.09884047,-0.10154353
fomc_statement_20060510,2006-05-10,20060510,2006,5,2,bernanke,0,1,0,369,1,0,0,0,0,1,0,0,0.7341198013544583,0.6553978731665769,0.0938820262400412,0.686206614240745,0.7619927423994337,0.16615173138907563,0.0345920058729208,0.27321253097245274,0.0,0.33939982483911013,0.1824143056399113,0.47546810175611937,0.9582965451119294,0.7301017509426166,0.059200539720020255,0.0,0.0,0.0,3.0387,2.2099,0.2762,0.65702915,0.3413938,0.00055525795,0.00012198926,0.00024109702,0.00033879868,0.0001396141,0.00018022658,-0.07159412,0.073314905,-0.031712648,-0.030115705,0.041567024,0.09484863,-0.046276852,0.20565008,0.18339178,-0.1290371
fomc_statement_20060629,2006-06-29,20060629,2006,6,2,bernanke,0,1,0,329,1,0,0,0,0,1,0,0,0.7611119400594812,0.7559778047772336,0.2600615287138123,0.7018224619353084,0.698776386245962,0.11657359049933642,0.1381608678013253,0.26389282003300596,0.10947404753678555,0.28736158756018626,0.6021861942883653,0.20543007789393475,0.9527179080508852,0.6617857204345506,0.020445643822267205,0.0,0.0,0.0,3.4268,1.8692,0.6231,0.7569494,0.2247511,0.0006065809,0.00013326653,0.00026338518,0.01694679,0.00015252069,0.00019688759,0.012849405,0.072921515,-0.05377517,-0.13517432,0.116418645,-0.0140136555,-0.008872673,0.1434839,0.25028753,-0.009030862
fomc_statement_20060808,2006-08-08,20060808,2006,8,3,bernanke,0,0,0,260,1,0,0,0,0,0,1,0,0.7666611721711877,0.4585718401242532,0.2131650657486035,0.7001176241193516,0.520622206487587,0.13321957357326303,0.09803767169599908,0.2757580316800587,0.0732409776014778,0.293883087828136,0.4292943320097544,0.13396694106486318,0.9417431052750929,0.6673811614413857,0.0074384489968905634,0.0,0.0,0.0,3.9683,2.381,0.7937,0.9803561,0.00035159962,0.0008251059,0.00018126833,0.017307233,0.0005034335,0.00020745774,0.0002678053,-0.07396512,0.1042434,-0.07320849,-0.23358054,0.19398504,-0.019155696,0.054885063,-0.006277818,0.18429726,-0.016413009
fomc_statement_20060920,2006-09-20,20060920,2006,9,3,bernanke,0,0,0,249,1,0,0,0,0,0,1,0,0.7281396549717242,0.5370567531345116,0.10290095758082758,0.6491789448871279,0.5631831659069789,0.0858606098212593,0.050560013909549256,0.23536054991090277,0.03394604449359808,0.2850292969824908,0.5143386022151889,0.05025424905814689,0.9071730069713071,0.5634953428714082,0.14446592368670294,0.0,0.0,0.0,3.7344,2.4896,0.8299,0.935353,0.00036378106,0.00085366616,0.00018754852,0.00037066697,0.0623795,0.00021464528,0.00027708363,-0.095203385,0.095984876,-0.036002222,-0.2571791,0.20507607,-0.017710082,0.03016232,-0.01695763,0.1601815,-0.016334232
fomc_statement_20061025,2006-10-25,20061025,2006,10,4,bernanke,0,0,0,253,1,0,0,0,0,0,0,1,0.7151014515623767,0.6460788857296743,0.20191862666722765,0.6279031780265172,0.6720139841571892,0.13374097247358535,0.03008583351042249,0.2510520055103931,0.0009290827858360953,0.30271380908117806,0.5428586252888017,0.11277789417011165,0.843154473399099,0.6391457052838181,0.047763203607359465,0.0,0.0,0.0,3.6735,2.8571,0.8163,0.9783978,0.00035456652,0.0008320143,0.00018279793,0.000361278,0.019392205,0.00020920833,0.00027006515,-0.08708264,0.10528773,-0.019447498,-0.22494663,0.19109167,0.008906707,0.011725862,-0.025765833,0.15806043,0.0048734024
fomc_statement_20061212,2006-12-12,20061212,2006,12,4,bernanke,0,0,0,263,1,0,0,0,0,0,0,1,0.7035180134820858,0.514097473602465,0.18795957815953412,0.5987856713730817,0.5540779749524274,0.10363126325042661,0.018743909742480136,0.2754223302568539,0.012345193480757431,0.26452299244624844,0.28405875835884353,0.3096030849535875,0.8377585729043313,0.7278980080230016,0.052808663198273605,0.0,0.0,0.0,3.5294,2.7451,0.7843,0.9570713,0.00034019476,0.0007983025,0.00017538852,0.0003466342,0.040808212,0.0002007284,0.00025911847,-0.024461016,0.096664906,-0.057246387,-0.21112077,0.18618912,0.004872903,0.028310694,-0.007424794,0.17560491,0.005638607
fomc_statement_20070131,2007-01-31,20070131,2007,1,1,bernanke,0,0,0,217,1,0,0,0,1,0,0,0,0.7250606022019126,0.7411976902939741,0.21007378000638555,0.6298832895044402,0.7536619905297165,0.14161581950118068,0.01936933717133857,0.2586635886200038,0.007983186948210125,0.2678370008133808,0.5670737104261598,0.12059183652194151,0.8545660934820865,0.730566602964723,0.05085102487699892,0.0,0.0,0.0,2.8571,3.8095,0.9524,0.88718534,0.0004024728,0.055783913,0.00020749617,0.0004100911,0.055466514,0.00023747493,0.00030655426,-0.06646672,0.09940636,0.002161231,-0.23540549,0.22157767,0.03215857,-0.021464005,-0.028920364,0.12009502,-0.0010332391
fomc_statement_20070321,2007-03-21,20070321,2007,3,1,bernanke,0,0,0,206,1,0,0,0,1,0,0,0,0.7044339016099913,0.4056264639202375,0.33018347238756657,0.6093552307730641,0.5198588308182504,0.16134710515883277,0.06887958580453218,0.38841595004913276,0.18214711979224424,0.2568561547572892,0.39475105830360113,0.07687935973828876,0.8881503691199073,0.7149682351118228,0.026929780176533434,0.0,0.0,0.0,2.5,3.5,1.0,0.7629374,0.00043102194,0.0010115046,0.00022221477,0.00043918064,0.23437585,0.00025432007,0.00032829947,-0.09902551,0.09449577,-0.008804606,-0.22403254,0.26208302,0.060808405,-0.0039026663,-0.076107085,0.06785072,-0.015134191
fomc_statement_20070509,2007-05-09,20070509,2007,5,2,bernanke,0,0,0,205,1,0,0,0,0,1,0,0,0.6965841685096663,0.613274546889287,0.11021955801296408,0.6207500178967431,0.6191197946630085,0.030842253132702488,0.06081896335220133,0.24728829417600345,0.022882932092847745,0.2167912945222943,0.37407179067716173,0.11320026943237273,0.9109104869306224,0.6494154916240553,0.0353052430974509,0.0,0.0,0.0,2.5126,4.5226,1.005,0.769489,0.00045435122,0.0010662533,0.00023424225,0.0004629515,0.22767892,0.00026808525,0.00034606882,-0.12308086,0.09630692,0.01384791,-0.22285365,0.24021782,0.07056224,-0.008495115,-0.07918024,0.05936279,0.0031043626
fomc_statement_20070618,2007-06-18,20070618,2007,6,2,bernanke,0,0,0,219,1,0,0,0,0,1,0,0,0.731048873146682,0.7895963024662751,0.2973648583428828,0.6627488289992893,0.8746515024118248,0.35256476549976734,0.07264341324884566,0.2967487740315672,0.03770865596938928,0.2201040535557468,0.5121350111552982,0.03281546404614652,0.8835777114433139,0.6875677909198906,0.009102009102009104,0.0,0.0,0.0,1.8779,2.3474,0.939,0.72203887,0.00041402856,0.0009716114,0.00021345378,0.00042186558,0.2753804,0.0002442933,0.000315356,-0.096674934,0.09932715,-0.034500886,-0.24379168,0.25147757,0.06545341,-0.018185198,-0.02223384,0.09316481,0.014084559
fomc_statement_20070807,2007-08-07,20070807,2007,8,3,bernanke,0,0,0,248,1,0,0,0,0,0,1,0,0.7173642983307932,0.38063805002692985,0.3829432307277268,0.6800695145098092,0.46590255343629694,0.25642484099488083,0.15378245078530994,0.40660212798969386,0.19006119295974583,0.19043793604303327,0.374380049260332,0.13231981205645976,0.8586104329583566,0.6008901055386259,0.10052573688937327,0.0,0.0,0.0,2.0661,2.4793,2.0661,0.75059116,0.0003545824,0.00083208893,0.00018280609,0.060492072,0.18706794,0.00020921767,0.0002700772,-0.010953084,0.076554894,-7.826835e-06,-0.21703868,0.20344394,0.06407116,0.013601948,-0.011165157,0.06442379,0.056956705
fomc_statement_20070810,2007-08-10,20070810,2007,8,3,bernanke,0,0,0,136,1,0,0,0,0,0,1,0,0.7115457057393001,0.3647807407592971,0.40087961805667277,0.6738639918715168,0.460392972518476,0.2624338555940501,0.16679268975909434,0.44024138530906626,0.21481496830001706,0.18644185610747632,0.4118761960280424,0.06729554397461175,0.8516598129403481,0.5856705060000345,0.11727954585097444,0.0,0.0,0.0,0.0,2.3077,0.0,0.64291006,0.00083326024,0.001955235,0.00042959003,0.0008490328,0.123584814,0.0004916566,0.22894631,-0.2610478,-0.026448756,0.2941478,0.03372389,0.2246461,-0.010745563,0.019646399,-0.15175484,-0.13952045,-0.13700329
fomc_statement_20070817,2007-08-17,20070817,2007,8,3,bernanke,0,0,0,167,1,0,0,0,0,0,1,0,0.6975216179752811,0.2914813933389281,0.5299661666324291,0.6634648964777232,0.4416072930034961,0.28874295465122296,0.20758713753066865,0.51316946339491,0.30721995678821035,0.18625294823900695,0.4826734259736851,0.06307784450066402,0.8394779940352026,0.5709760170790077,0.1388856453791519,0.0,0.0,0.0,1.2422,2.4845,2.4845,0.99609464,0.0005095137,0.0011955956,0.00026268145,0.00051915814,0.0007295407,0.0003006333,0.00038808485,-0.18656556,-0.061541975,0.2449851,-0.14047833,0.0012409557,-0.038973995,0.028241951,-0.13507892,-0.110321015,0.18934555
fomc_statement_20070918,2007-09-18,20070918,2007,9,3,bernanke,0,0,0,298,1,0,0,0,0,0,1,0,0.6222184897845351,0.3567017798764984,0.45497588104118664,0.6027407527231725,0.4683033145992832,0.2321367013116845,0.2950363193787068,0.24632021402141155,0.14478089738723324,0.1844438269098161,0.3805513250540979,0.14173582108775756,0.7915736960128155,0.6654787114990618,0.03823016810029798,0.0,0.0,0.0,1.7241,1.7241,1.0345,0.9976753,0.00030330365,0.0007117,0.00015636918,0.0003090448,0.0004342814,0.00017896119,0.00023101938,-0.083767064,0.075393796,0.040023506,-0.20912834,0.20290639,0.0929973,0.054094985,-0.055024717,0.042267524,0.045275304
fomc_statement_20071031,2007-10-31,20071031,2007,10,4,bernanke,0,0,0,345,1,0,0,0,0,0,0,1,0.5909701742640436,0.4807169608076456,0.3173604528275736,0.5959215992134135,0.5354471832544144,0.17733164417325958,0.173933755771497,0.3035018266106851,0.0749406040667121,0.12849638146654851,0.3830921693163679,0.10958115910398604,0.8298019735018718,0.7287071948762978,0.045817097765149715,0.0,0.0,0.0,1.7804,1.7804,1.4837,0.8553839,0.14290401,0.000602849,0.00013244386,0.00026175927,0.00036783403,0.00015157917,0.00019567218,-0.03702654,0.056675732,0.035199113,-0.18626244,0.15922283,0.07557154,0.07267545,0.012197334,0.15302548,0.07876451
fomc_statement_20071211,2007-12-11,20071211,2007,12,4,bernanke,1,0,0,322,1,0,0,0,0,0,0,1,0.48517822086153173,0.1575961020579431,0.7570135556221059,0.513595592140937,0.42525556489799543,0.33490614819794207,0.27861534300562174,0.24962550954680307,0.15852329342296492,0.08038962495584512,0.44318580667608737,0.08924089816619861,0.8590284196469657,0.6216276707470345,0.08415682441656469,0.0,0.0,0.0,2.5559,1.278,0.9585,0.96595085,0.032271758,0.00062581716,0.00013749278,0.00027173787,0.00038185634,0.00015735756,0.00020313145,-0.05428715,0.09182674,0.0054173404,-0.21008994,0.15755968,0.07027292,0.031961717,0.006337881,0.10091577,0.012138985
fomc_statement_20080122,2008-01-22,20080122,2008,1,1,bernanke,1,0,0,296,1,0,0,0,1,0,0,0,0.4243824356343291,0.18658015707003017,0.6973534733033199,0.4829593342490665,0.41249944682922524,0.3477903028422704,0.24747477928249906,0.3364762634644951,0.12479972169093748,0.09584220243569663,0.3857383098273447,0.1454164717608845,0.8411085664727467,0.6463164781433467,0.0806898728976651,0.0,0.0,0.0,1.3841,0.346,2.7682,0.8402005,0.12955971,0.0007223067,0.0001586832,0.00031361813,0.028629215,0.00018160952,0.00023443809,-0.13629627,0.048482,0.13580397,-0.1927561,0.17307751,0.11524853,0.035446946,-0.14107837,-0.0075683147,0.04364145
fomc_statement_20080130,2008-01-30,20080130,2008,1,1,bernanke,1,0,0,294,1,0,0,0,1,0,0,0,0.39070362613265386,0.021105502461264858,0.9067466259445253,0.4597416224455613,0.3504336858875073,0.41544288742954655,0.2710437378049958,0.4477067455298581,0.20118680766514085,0.09134268410768076,0.37020787615940326,0.13935357080283922,0.8302051078715964,0.5765800664566225,0.13408525096836788,0.0,0.0,0.0,1.049,0.6993,2.0979,0.997692,0.00030112412,0.00070657406,0.00015524552,0.00030682402,0.00043116068,0.00017767519,0.0002293593,-0.19032249,0.0586679,0.06575149,-0.18815883,0.20946807,0.1289792,0.017707825,-0.11555754,0.019781508,0.03151561
fomc_statement_20080311,2008-03-11,20080311,2008,3,1,bernanke,1,0,0,470,1,0,0,0,1,0,0,0,0.26889706726746765,0.3357215326227188,0.5130470078383523,0.4278306418345566,0.6102690622649025,0.20031197752382923,0.306441087263103,0.24335814264019295,0.09647275025612653,0.06550458961036454,0.2999722262068629,0.3274198554709871,0.8322714367364152,0.8028252672899128,0.1707859240326773,0.0,0.0,0.0,0.6579,0.4386,0.0,0.00025352725,0.45118067,0.09844846,0.00010640372,0.00021029409,0.0002955132,0.000121776786,0.44938332,-0.24668036,-0.1783998,0.36836138,0.124861464,0.25770995,-0.12835412,0.18631834,0.02379552,-0.2109797,-0.1836869
fomc_statement_20080318,2008-03-18,20080318,2008,3,1,bernanke,1,0,0,332,1,0,0,0,1,0,0,0,0.2521415642438025,0.3418339867479991,0.511851578684236,0.42094346092557605,0.5298822852591053,0.26473059620456074,0.31518119119834637,0.2960148385671097,0.12887750291228703,0.05384315826212238,0.1741081102528026,0.4799891312352896,0.8415082529827302,0.8057090715011278,0.1845903014734184,0.0,0.0,0.0,2.4615,1.2308,1.8462,0.9980311,0.00025688793,0.00060280535,0.00013243941,0.0002617505,0.0003678217,0.00015157409,0.00019566562,-0.053775594,0.062457025,0.026110906,-0.13954137,0.16702884,0.1516059,0.0065829232,0.021382978,0.055202663,0.05794328
fomc_statement_20080430,2008-04-30,20080430,2008,4,2,bernanke,1,0,0,348,1,0,0,0,0,1,0,0,0.271967995475244,0.9342284905494946,0.6088323156922971,0.41051015407810415,0.8047196530512901,0.26609011151903755,0.24895094951992736,0.1344592339049034,0.14308304307022224,0.0,0.4674680372474035,0.064493608715727,0.8410510137370688,0.7228104608921716,0.03950018235732523,0.0,0.0,0.0,1.7595,1.173,1.173,0.998123,0.0002448964,0.00057468214,0.00012625713,0.00024953196,0.00035065177,0.0001444986,0.00018653194,0.0074692667,0.06237316,0.034013506,-0.1299086,0.1987537,0.055197924,-0.018000208,0.12153347,0.032292463,0.052606422
fomc_statement_20080625,2008-06-25,20080625,2008,6,2,bernanke,1,0,0,292,1,0,0,0,0,1,0,0,0.3871019452857619,0.878327091448827,0.5421605340078558,0.49199847492063137,0.798402442802142,0.25834884602788843,0.19763616869192274,0.3749709669987634,0.1265103218432468,0.020522632035022026,0.5193378849798717,0.0985506408098575,0.9068987695119024,0.7485925313775116,0.08738591855474975,0.0,0.0,0.0,3.5088,1.4035,2.1053,0.9976411,0.00030775173,0.0007222418,0.00015866241,0.0003135771,0.00044065044,0.00018158575,0.0002344074,-0.027586505,0.089981616,0.0882756,-0.16122696,0.14349322,0.037157893,-0.05429727,0.030310765,0.041032456,0.10451841
fomc_statement_20080805,2008-08-05,20080805,2008,8,3,bernanke,1,0,0,287,1,0,0,0,0,0,1,0,0.3746565224218382,0.5663664716860604,0.2703303393979294,0.48913440276096326,0.651579855733062,0.13037127048968405,0.2697553271641906,0.24101199403824364,0.10199421884353832,0.01140144070144311,0.4985899458868844,0.07303930948370342,0.9095509693127222,0.5156586264483585,0.23688432779341878,0.0,0.0,0.0,3.2143,1.4286,2.1429,0.9290024,0.00031475708,0.056902617,0.00016227404,0.00032071501,0.012871702,0.00018571918,0.00023974321,-0.009881437,0.09292781,0.060815293,-0.16100013,0.10077283,0.009527296,-0.003336206,0.053362545,0.03845544,0.08215043
fomc_statement_20080916,2008-09-16,20080916,2008,9,3,bernanke,1,0,0,265,1,0,0,0,0,0,1,0,0.33360264173259413,0.40674123526685624,0.34845646088620164,0.4467877422536766,0.46808204628933053,0.23103573090645851,0.22807331491605976,0.36266755685531454,0.14468145260808757,0.11140756459049728,0.7335531837617923,0.45002739049769996,0.7404504230921732,0.4710500490677135,0.2993399097295202,0.0,0.0,0.0,2.3256,1.5504,1.938,0.9044882,0.00033227712,0.07853439,0.00017130656,0.00033856672,0.015686018,0.0001960567,0.0002530878,-0.07372378,0.094375074,0.09097744,-0.17246976,0.13910556,0.04436688,0.0034412593,-0.005669497,-0.010769416,0.06889491
fomc_statement_20081008,2008-10-08,20081008,2008,10,4,bernanke,1,0,0,486,1,0,0,0,0,0,0,1,0.2845751283719862,0.26698147475481293,0.6632255797088896,0.42401201079104395,0.6122826038854716,0.22563645138493893,0.4261578154280084,0.7793496607723014,0.6338098344547738,0.13901620185458397,0.5493915708063861,0.3919148093308614,0.6021700298770307,0.34429178933595034,0.4886700600986316,0.0,0.0,0.0,1.0504,0.6303,1.4706,0.4452375,0.5535046,0.00044292968,9.730994e-05,0.00019232133,0.0002702572,0.00011136915,0.00014376543,-0.19056645,-0.1301947,0.1774148,0.032434717,0.23288026,-0.03414724,0.30670762,0.104205996,-0.13748863,-0.05121033
fomc_statement_20081029,2008-10-29,20081029,2008,10,4,bernanke,1,0,0,330,1,0,0,0,0,0,0,1,0.24136620760287145,0.3814396833548355,0.5190885038325509,0.4412642733942073,0.697902376421649,0.29914938724856516,0.8197876282286576,1.0,1.0,0.1920329258875657,1.0,0.9999999999999999,0.37956824839442455,0.0,1.0000000000000002,0.0,0.0,0.0,0.3096,0.9288,0.9288,0.78536975,0.21294884,0.0005920644,0.00013006332,0.00025705443,0.00036122263,0.0001488547,0.00019215517,-0.13484022,0.0020683408,0.20316733,-0.006234478,0.13120236,0.1222406,-0.032190286,0.043517906,-0.06820971,-0.0065514594
fomc_statement_20081216,2008-12-16,20081216,2008,12,4,bernanke,1,0,0,443,1,0,0,0,0,0,0,1,0.13519708703202718,0.31328832496211034,0.4564089110209658,0.3219859412678329,0.0,1.0,1.0,0.21512254982627216,0.44614901626348136,0.30131074273813496,0.38570778917554566,0.3612633459317293,0.0,1.0,0.9919402386934856,0.0,0.0,0.0,0.4535,1.1338,0.0,0.6318873,0.00020046388,0.09464398,0.000103349805,0.0002042584,0.00028703167,0.00011828165,0.27255535,-0.10438377,0.02750212,0.12406507,-0.014113035,0.13719042,0.12631357,-0.111355394,0.0035316162,-0.005270943,-0.014939817
fomc_statement_20090128,2009-01-28,20090128,2009,1,1,bernanke,1,0,0,518,1,0,0,0,1,0,0,0,0.09257157231367998,0.5894885829878378,0.12350540418127952,0.16054703521169378,0.8363942116210118,0.3409151627971112,0.6728250874176536,0.3208412282722661,0.23592677456277522,0.22885714379875877,0.8252601122549572,0.5873851036719409,0.22658405948353716,0.8005698741456193,0.18255770203822155,0.0,0.0,0.0,0.3868,1.7408,0.7737,0.3853169,0.00017461329,0.24026059,9.0022455e-05,0.0001779185,0.00025001782,0.000103028775,0.37362695,-0.0053032786,-0.008614004,0.24967326,-0.03366982,0.12302792,0.021472842,-0.14262123,-0.014688835,-0.009207193,0.0020389892
fomc_statement_20090318,2009-03-18,20090318,2009,3,1,bernanke,1,0,0,463,1,0,0,0,1,0,0,0,0.12154516670585727,0.6110951062790436,0.10961318090580367,0.2681954506281263,0.6551201486923044,0.1629565472189186,0.6945228445028302,0.26966697854614013,0.19652053691456314,0.3278423897495877,0.6157114211331097,0.32018533396061893,0.39996286920278856,0.6158600623246046,0.14938308444801954,0.0,0.0,0.0,1.0965,1.3158,0.6579,0.37247387,0.00019579323,0.019060716,0.000100941834,0.00019949934,0.00028034401,0.00011552578,0.60757333,0.0167218,-0.00881511,0.24928312,0.01613539,-0.03001188,-0.008935198,-0.0204001,0.04250649,-0.1384105,0.065732434
fomc_statement_20090429,2009-04-29,20090429,2009,4,2,bernanke,1,0,0,469,1,0,0,0,0,1,0,0,0.11157804774586372,0.6337412477923771,0.09558730716589241,0.25537544993994216,0.7859782271983008,0.2317596566523606,0.5761051523288836,0.1350173257667298,0.17453969642691977,0.2775124870362782,0.5747038733759198,0.21525568331809397,0.45163488226222037,0.6761616996367268,0.09891118982028074,0.0,0.0,0.0,0.6522,1.3043,0.4348,0.29986036,0.00018789555,0.0004409467,9.6870164e-05,0.00019145217,0.00026903584,0.00011086584,0.6988425,0.09685029,0.017928064,0.2654209,-0.058077183,-0.026620938,0.0041424036,-0.0835481,0.013609478,-0.1226105,0.11927763
fomc_statement_20090624,2009-06-24,20090624,2009,6,2,bernanke,1,0,0,422,1,0,0,0,0,1,0,0,0.1380852125940086,0.8139083382391623,0.43595048992795254,0.40607769440905744,0.909257866088419,0.5057181515762622,0.39352900720591927,0.23588149833794883,0.07466251311474884,0.1824903429199085,0.3694784325814062,0.27417131554088753,0.6295152707034032,0.8863264638534512,0.3499011810700123,0.0,0.0,0.0,0.2427,1.4563,0.2427,0.066761345,0.00020738694,0.00048667088,0.00010691901,0.00021131251,0.00029694432,0.00012236653,0.93180704,0.047883883,0.0028566122,0.28118157,-0.04819629,-0.004009219,0.014419183,-0.14127073,0.11436048,-0.16624266,0.020797849
fomc_statement_20090812,2009-08-12,20090812,2009,8,3,bernanke,0,0,0,464,1,0,0,0,0,0,1,0,0.13609172630537886,0.7475230782719793,0.25620051529679067,0.40955539744019226,0.7799265389210959,0.2509005981005568,0.30728047060641767,0.19854576400283983,0.11319167371152383,0.15326246150571365,0.34889530500813376,0.20450495500660976,0.6042734895390609,0.7686069934404216,0.14260631143748032,0.0,0.0,0.0,0.2203,1.1013,0.0,0.00023717103,0.00019307242,0.00045308468,9.953912e-05,0.00019672704,0.00027644826,0.000113920396,0.9984301,0.07170002,0.0054118037,0.28076774,-0.036576245,-0.043732308,-0.0040688515,-0.15295564,0.13170666,-0.13160677,-0.04635562
fomc_statement_20090923,2009-09-23,20090923,2009,9,3,bernanke,0,0,0,469,1,0,0,0,0,0,1,0,0.12574744017705294,0.5301426656813257,0.14930736884310675,0.37948333190291234,0.5834513430986416,0.11805806918661772,0.2917654502250642,0.22926667575662116,0.07118092345144406,0.12237822211502847,0.30827842159397156,0.24265895988746528,0.5943049313676997,0.764621317769399,0.15369479005842646,0.0,0.0,0.0,0.655,1.31,0.0,0.00022977024,0.00018704773,0.00043894775,9.643307e-05,0.00019058831,0.00026782186,0.00011036559,0.99847907,0.1273279,-0.022590756,0.33830914,-0.05482914,-0.0045846943,0.07456629,-0.17081907,0.06669467,-0.090711065,0.08217342
fomc_statement_20091104,2009-11-04,20091104,2009,11,4,bernanke,0,0,0,507,1,0,0,0,0,0,0,1,0.11750444702590254,0.6105439833661085,0.08683320174537607,0.3650949437053496,0.717528875514449,0.15711774135167278,0.28383208082993644,0.2770740376794286,0.15004295073857343,0.08802229983073451,0.41020824240722487,0.11283674422655728,0.6482634058754182,0.7896028097722225,0.13804233284752768,0.0,0.0,0.0,1.004,1.4056,0.0,0.00020187993,0.00016434322,0.00038569036,8.472768e-05,0.00016745403,0.00023531272,9.696903e-05,0.9986636,0.16896148,-0.035933435,0.34621328,-0.07739207,-0.015970876,0.042043686,-0.17875941,0.051147696,-0.044647556,0.07801296
fomc_statement_20091216,2009-12-16,20091216,2009,12,4,bernanke,0,0,0,612,1,0,0,0,0,0,0,1,0.09184004924734528,0.5638363164948583,0.13662789978195172,0.3710714671334718,0.6287117758994558,0.1783636692693521,0.24498726889863415,0.2178020490011237,0.07478744956449115,0.07192950346072968,0.5118053881158686,0.13112061604911657,0.7262290625401975,0.7100614637673675,0.041322314049586785,0.0,0.0,0.0,0.67,1.005,0.1675,0.24383101,0.00013835309,0.004098267,7.132838e-05,0.00014097193,0.00019809906,8.1633814e-05,0.75144035,0.14709638,-0.059525102,0.36349648,-0.0586912,0.0093442425,0.053447723,-0.18920414,-0.014588632,-0.056378998,0.05821414
fomc_statement_20100127,2010-01-27,20100127,2010,1,1,bernanke,0,0,0,591,1,0,0,0,1,0,0,0,0.11768599973907659,0.5733557122637374,0.1992084922495106,0.43505894850998245,0.6303270345621101,0.15601677094644678,0.19694532774375517,0.290001833663236,0.13364090101741072,0.12051774886355338,0.47540035464997393,0.07384336939776888,0.8022095476540629,0.705499027254102,0.09621691439873262,0.0,0.0,0.0,0.6908,1.0363,0.1727,0.23379448,0.0001421045,0.1674246,7.326244e-05,0.00014479435,0.0002034705,8.38473e-05,0.59813344,0.10292487,0.017429352,0.25387895,-0.037243243,0.0053873416,0.09420112,-0.15198456,0.0041676573,-0.07352741,-0.08013545
fomc_statement_20100316,2010-03-16,20100316,2010,3,1,bernanke,0,0,0,486,1,0,0,0,1,0,0,0,0.10484341078488738,0.6346681363277679,0.10655902029259552,0.42455761426328903,0.6395317962561403,0.0630849578571798,0.21037994320267372,0.12892862348311382,0.16212225382628953,0.17596884265195878,0.5016633755230476,0.05541287686315076,0.764502957865828,0.6444828951672608,0.062165828399594635,0.0,0.0,0.0,1.0417,1.25,0.4167,0.17772418,0.00016764563,0.45958847,8.643025e-05,0.00017081895,0.00024004122,9.8917575e-05,0.36192352,0.13289212,-0.012960345,0.26715112,-0.023863379,0.03301227,0.12712723,-0.10787302,0.034939297,-0.021009471,-0.07799521
fomc_statement_20100428,2010-04-28,20100428,2010,4,2,bernanke,0,0,0,450,1,0,0,0,0,1,0,0,0.13374997754027323,0.6122474541879079,0.08488041995945937,0.4533842246834254,0.656547329291499,0.13669053897995415,0.13524305005505866,0.2739027406212827,0.057628215435152015,0.19347588474741717,0.4927177724807491,0.10618063469954019,0.7643324214186351,0.7220787493758932,0.06392741457676523,0.0,0.0,0.0,1.3483,1.3483,0.4494,0.20231165,0.00018063313,0.57111555,9.3126e-05,0.00018405229,0.0002586372,0.000106580716,0.2257498,0.14660297,-0.010053635,0.25600067,-0.040771786,0.02308753,0.1130283,-0.0942063,0.027213909,-0.01562839,-0.06035643
fomc_statement_20100509,2010-05-09,20100509,2010,5,2,bernanke,0,0,0,344,1,0,0,0,0,1,0,0,0.12973972496795094,0.5130077532973434,0.18113845445612925,0.44705609452328016,0.4880072576005665,0.23687884585552516,0.17975627378629522,0.46802514469483614,0.3471917823578418,0.2064520028509793,0.6151696795636767,0.3036720081219804,0.7683990393732321,0.693963810409242,0.07992584615961243,0.0,0.0,0.0,0.0,1.1765,0.0,0.079352334,0.7508582,0.0006967103,0.00015306323,0.00030251098,0.00042509977,0.0001751776,0.16803691,-0.24188137,-0.26441193,0.27683967,0.16573271,0.22982194,-0.2452105,0.3578968,0.18633279,-0.2291652,-0.24266624
fomc_statement_20100623,2010-06-23,20100623,2010,6,2,bernanke,0,0,0,400,1,0,0,0,0,1,0,0,0.09067401835369814,0.5523504139684607,0.08019027866121835,0.34729707762994116,0.5481369208301988,0.17086802144199115,0.4150061820219076,0.13505211835120765,0.3175363131914828,0.3111821374061554,0.5051976670013765,0.2243394417450017,0.7051485828633415,0.6476249505018681,0.09189223474937763,0.0,0.0,0.0,2.0253,1.519,0.2532,0.15765771,0.00019857186,0.68119115,0.00010237437,0.00020233057,0.0002843226,0.00011716528,0.1602463,0.21570091,-0.11991596,0.39055356,-0.057189804,-0.0076462347,-0.03217686,-0.06868082,0.08014569,-0.042051554,-0.052041553
fomc_statement_20100810,2010-08-10,20100810,2010,8,3,bernanke,0,0,0,500,1,0,0,0,0,0,1,0,0.0626581848322239,0.5505717900221703,0.06652575617700272,0.287016100740668,0.6015510908527681,0.07821629867107917,0.2979741127832622,0.10107010705772279,0.20727713583223042,0.23030966652333063,0.2013966250263241,0.4284569952371809,0.6386608512765701,0.6808274365993493,0.057900252705447526,0.0,0.0,0.0,1.2024,1.002,0.0,0.024374483,0.00016899889,0.70642656,8.7127926e-05,0.00017219782,0.00024197898,9.971605e-05,0.26842892,0.1522838,-0.030694455,0.28976968,-0.054184828,0.06284322,0.0786272,-0.065088496,-0.030408997,-0.017358027,-0.05740924
fomc_statement_20100921,2010-09-21,20100921,2010,9,3,bernanke,0,0,0,468,1,0,0,0,0,0,1,0,0.049081416704880754,0.5854929418690582,0.03660290219508512,0.2203935464146594,0.666780988626809,0.14058163986417777,0.27369236713482603,0.18911462275905194,0.10682768496302922,0.22238434600408263,0.42385860392434543,0.15097057194520286,0.5929332136307157,0.6602620388065356,0.06940678369249798,0.0,0.0,0.0,1.5152,1.2987,0.0,0.0002162939,0.00017607711,0.8511678,9.077713e-05,0.00017941002,0.00025211382,0.00010389249,0.14781362,0.2123606,-0.08335686,0.29647258,-0.016674187,-0.0056361463,0.06460838,-0.0450631,0.048280876,-0.026557148,-0.02157265
fomc_statement_20101103,2010-11-03,20101103,2010,11,4,bernanke,0,0,0,534,1,0,0,0,0,0,0,1,0.029362635920407422,0.5561832233175095,0.052381082024260034,0.19939068016720501,0.6891290879320265,0.1230415223124257,0.21270662442285027,0.21812317515245264,0.07332201930292004,0.12403040128576248,0.34517025945606095,0.22292569524615974,0.6419530268893276,0.7776371743883753,0.13978806186598397,0.0,0.0,0.0,2.277,0.9488,0.3795,0.034777984,0.00015297104,0.9297827,7.8864716e-05,0.00015586658,0.00021902964,9.025898e-05,0.03474234,0.2585507,-0.050103515,0.2539726,-0.04051427,-0.049715027,0.0429987,-0.03821861,0.0024668798,0.028472826,-0.05530193
fomc_statement_20101214,2010-12-14,20101214,2010,12,4,bernanke,0,0,0,533,1,0,0,0,0,0,0,1,0.04591611858423257,0.6973458421533876,0.1762899126074463,0.26619101539990025,0.8968889675620659,0.40648861540582937,0.18254751463400498,0.24510200339462784,0.08515996943453272,0.14632504082359366,0.684201289802745,0.39496088825248626,0.675742582791732,0.725306888418298,0.04493630467656442,0.0,0.0,0.0,2.2814,1.1407,0.1901,0.00019139782,0.0001558101,0.95934784,8.0328406e-05,0.00015875939,0.00022309468,9.193415e-05,0.039750908,0.28400338,-0.08349499,0.28649235,-0.006275099,-0.063441604,0.04394321,0.0170645,-0.00027868524,0.019473098,-0.042040817
fomc_statement_20110126,2011-01-26,20110126,2011,1,1,bernanke,0,0,0,478,1,0,0,0,1,0,0,0,0.0685711473365889,0.5709257612385236,0.06794888612237929,0.36591562308549336,0.6255365756516353,0.06770429356912629,0.13586235341846492,0.27311379525974544,0.019004244908430716,0.1655194588351767,0.3509508709067991,0.22232004409382516,0.752277377663969,0.7516485030043215,0.08096521083534072,0.0,0.0,0.0,1.6985,0.6369,0.0,0.00021097447,0.00017174675,0.9426596,8.85446e-05,0.0001749977,0.00024591337,0.000101337406,0.056346845,0.28295314,-0.038487762,0.20389336,-0.02722117,-0.08800243,0.01904723,-0.04370472,-0.042102415,0.083730094,-0.07719271
fomc_statement_20110315,2011-03-15,20110315,2011,3,1,bernanke,0,0,0,504,1,0,0,0,1,0,0,0,0.08496307620917311,0.5429186968448214,0.15992515573991622,0.39489450413760835,0.537626676107448,0.16717729286243688,0.16204957208817106,0.3594388990497863,0.11609826943591636,0.11443806037327464,0.3808824741261174,0.1446813504843696,0.80876737688157,0.7956200609472652,0.16970042944068922,0.0,0.0,0.0,2.4096,0.6024,0.2008,0.00020110744,0.00016371437,0.9989284,8.440348e-05,0.00016681328,0.0002344123,9.659798e-05,0.00012469746,0.24783672,-0.03531468,0.13087654,-0.035960536,-0.10906621,-0.11747071,0.04503275,0.048916742,0.15521142,-0.17179091
fomc_statement_20110427,2011-04-27,20110427,2011,4,2,bernanke,0,0,0,505,1,0,0,0,0,1,0,0,0.08410109142554036,0.6110951062790436,0.16053895787287864,0.3748461967739984,0.6800792140549632,0.14496397607597772,0.15871209164847477,0.12002313236697712,0.192339289500792,0.07085251320809571,0.3581033856559041,0.1567738600828138,0.8516598129403481,0.7295508152127129,0.0735137877995021,0.0,0.0,0.0,2.8112,0.6024,0.2008,0.00020348113,0.0001656467,0.9989156,8.53997e-05,0.00016878218,0.00023717908,9.773813e-05,0.00012616927,0.2533127,-0.017854452,0.1052332,-0.011351351,-0.098300464,-0.115852,0.08100796,0.038995635,0.14539346,-0.14358126
fomc_statement_20110622,2011-06-22,20110622,2011,6,2,bernanke,0,0,0,497,1,0,0,0,0,1,0,0,0.04256223687941822,0.49509625862695245,0.14763426302906402,0.3012680386316526,0.5330464220914282,0.12395504765844496,0.15559444004404693,0.3364193728871733,0.08702052059035165,0.06191702024784318,0.40917054024605753,0.14775063314253584,0.7963293554756654,0.6122187214847719,0.08281184904561528,0.0,0.0,0.0,2.0284,1.0142,0.2028,0.00021185714,0.0001724653,0.99887097,8.891505e-05,0.00017572985,0.00024694222,0.000101761376,0.00013136285,0.22327806,-0.10063982,0.20952111,-0.01918811,-0.09503289,-0.09528236,0.10710123,0.05484963,0.15543601,-0.080666274
fomc_statement_20110809,2011-08-09,20110809,2011,8,3,bernanke,0,0,0,565,1,0,0,0,0,0,1,0,0.030332427392585876,0.5279256485088368,0.11451122292649966,0.274741703524729,0.4075319732707883,0.3867185480117897,0.2197861986360914,0.5332123429044284,0.4163874908419128,0.05621256266620023,0.42333975284376174,0.11409479029034601,0.7843488385354023,0.6507583974656957,0.1012666986692961,0.0,0.0,0.0,1.7825,1.426,0.8913,0.00019140884,0.00015581907,0.9989801,8.033303e-05,0.00015876853,0.0002231076,9.193944e-05,0.00011868379,0.2382227,-0.08475909,0.19236493,-0.017021019,-0.06736879,-0.13763453,0.08632389,0.10081127,0.21817786,-0.07502842
fomc_statement_20110921,2011-09-21,20110921,2011,9,3,bernanke,0,0,0,639,1,0,0,0,0,0,1,0,0.0,0.5891879704898731,0.004160489457700867,0.11442465629354298,0.5187082356064965,0.19516262474791873,0.4953924617970365,0.18043857463244456,0.22527425527345302,0.06482122562778869,0.6593269585865276,0.35878525412631374,0.706337564034049,0.6306234182118693,0.08799425682542567,0.0,0.0,0.0,1.5798,0.9479,0.6319,0.00016348733,0.00013308918,0.9991289,6.8614565e-05,0.0001356084,0.00019056209,7.8527904e-05,0.00010137096,0.22569256,-0.03434071,0.22980167,0.02271153,-0.13052984,-0.05928082,0.059623532,-0.04386485,0.08870376,-0.03880605
fomc_statement_20111102,2011-11-02,20111102,2011,11,4,bernanke,0,0,0,532,1,0,0,0,0,0,0,1,0.01082910374362632,0.616280671868933,0.038290858060731764,0.10692364675902838,0.8115347169978318,0.3207163417618974,0.4782051465332379,0.0448758515955221,0.3206223730032575,0.11400699717329621,0.31520660955235363,0.3036437600948865,0.6947227854463188,0.8069831103765301,0.1703332742293782,0.0,0.0,0.0,1.8868,0.7547,0.7547,0.00019575482,0.00015935699,0.9989569,8.2157014e-05,0.00016237341,0.00022817326,9.402695e-05,0.00012137854,0.24024163,-0.012391657,0.18676811,0.044033438,-0.12027078,-0.0372291,0.03430648,-0.1022263,0.08347323,-0.104993
fomc_statement_20111213,2011-12-13,20111213,2011,12,4,bernanke,0,0,0,476,1,0,0,0,0,0,0,1,0.00819487074524889,0.5987574683417464,0.011677090577889751,0.0956281321772367,0.6289551710404037,0.04901796025302929,0.40097674014257284,0.1835492197527846,0.1558795890715436,0.12957565498418333,0.5918885263713691,0.19560447246977547,0.7194091959723694,0.6102732296885492,0.13711685140256574,0.0,0.0,0.0,1.9027,0.8457,0.6342,0.00021538121,0.00017533413,0.9988522,9.039408e-05,0.00017865298,0.0002510499,0.0001034541,0.00013354796,0.20975696,-0.019567728,0.13955435,0.03624758,-0.053213656,-0.056194894,0.17615607,-0.16371486,0.066448234,-0.016619302
fomc_statement_20120101,2012-01-01,20120101,2012,1,1,bernanke,0,0,0,14887,1,0,0,0,1,0,0,0,0.009422617062049006,0.6005486178087854,0.014112499040934166,0.08644680633113605,0.6017059786697351,0.09184592447041386,0.32349637772153855,0.05605179393386586,0.23837240727046982,0.15764956134278973,0.582741487027197,0.18206862320124806,0.6970548647311796,0.6684141659349552,0.06446655797305148,0.0,0.0,0.0,0.0,0.0104,0.0,5.2120606e-05,4.2429518e-05,9.955149e-05,2.1874677e-05,4.3232656e-05,6.0752143e-05,0.9996477,3.2317585e-05,-0.16029271,-1.128761,-0.16689163,-0.11351417,-0.044557773,0.045073807,-0.03526514,-0.016270373,0.031559452,0.012897756
fomc_statement_20120125,2012-01-25,20120125,2012,1,1,bernanke,0,0,0,465,1,0,0,0,1,0,0,0,0.00895342360450882,0.5829878377193533,0.01641673204814386,0.0830567083519057,0.6737509403903175,0.0824133443645828,0.22731165117941382,0.1708489860782645,0.09849408978343596,0.17905133656409578,0.4932869826368012,0.08898195791783796,0.7021136706312634,0.731986984143381,0.055876302629549394,0.0,0.0,0.0,1.2987,0.8658,0.6494,0.00022186499,0.00018061235,0.9988176,9.311528e-05,0.0001840311,0.00025860747,0.000106568456,0.00013756826,0.23920853,-0.01617977,0.08685903,0.052686065,-0.035846733,-0.035846494,0.18184604,-0.10054256,0.030779287,0.023199603
fomc_statement_20120313,2012-03-13,20120313,2012,3,1,bernanke,0,0,0,476,1,0,0,0,1,0,0,0,0.013415214336102196,0.6353445144481882,0.042485997638841796,0.08585255535828484,0.6720139841571892,0.05880819414999053,0.15989119641442728,0.24918543037016488,0.050232086665681984,0.15094503369075962,0.49686858112541854,0.0676859720633738,0.774105777684656,0.7260730334176955,0.05208211701718197,0.0,0.0,0.0,1.9108,0.8493,0.6369,0.00021904011,0.00017831271,0.9988327,9.19297e-05,0.00018168794,0.00025531475,0.000105211584,0.00013581668,0.26182234,-0.02925089,0.07737783,0.05586301,-0.06384435,-0.1145371,0.15616602,-0.047056828,0.06583565,0.0010385476
fomc_statement_20120425,2012-04-25,20120425,2012,4,2,bernanke,0,0,0,485,1,0,0,0,0,1,0,0,0.020214379068628337,0.5353908588749577,0.07840827246874683,0.12260752185281326,0.47422224189051654,0.22987874243756146,0.13089965805691323,0.348521080074663,0.0925288343851828,0.159895367873518,0.4508464902776464,0.04381874317129168,0.7839586999447017,0.6098514195203416,0.10491816985323482,0.0,0.0,0.0,1.6667,1.0417,0.625,0.00021271226,0.00017316143,0.9988664,8.927394e-05,0.00017643916,0.00024793897,0.000102172125,0.00013189307,0.24813394,-0.04761958,0.08871366,0.025966216,-0.074309975,-0.10075235,0.17020775,-0.02637272,0.09827236,0.012583286
fomc_statement_20120620,2012-06-20,20120620,2012,6,2,bernanke,0,0,0,549,1,0,0,0,0,1,0,0,0.013415214336102196,0.5934466475443717,0.01428822465158066,0.02925395696001376,0.5318405098021862,0.15559448092800388,0.23632710623418268,0.2665422283239848,0.10964117474615168,0.20976476188443205,0.5574505489139226,0.1951044151330062,0.736974980473179,0.6428300879775495,0.08547296858985173,0.0,0.0,0.0,1.105,0.9208,0.5525,0.00018928907,0.00015409346,0.9989914,7.944338e-05,0.00015701025,0.00022063674,9.0921254e-05,0.000117369425,0.2650299,-0.05350578,0.09255073,0.042544633,-0.0513222,-0.059179045,0.19245641,-0.031551305,0.11523897,0.010310538
fomc_statement_20120801,2012-08-01,20120801,2012,8,3,bernanke,0,0,0,504,1,0,0,0,0,0,1,0,0.010613646608112537,0.5435950749652417,0.06039763488178122,0.003955081350090761,0.551411691817498,0.09880293707016909,0.1529297567760755,0.24815481759752503,0.05986350778065085,0.23124554669086272,0.5341846560475145,0.12772379079107593,0.721336284347645,0.6919838851299004,0.045290928407811536,0.0,0.0,0.0,1.2,0.8,0.6,0.00021011308,0.00017104553,0.99888027,8.818308e-05,0.0001742832,0.00024490934,0.00010092365,0.00013028143,0.2821769,-0.07631868,0.110926546,0.082862176,-0.08869162,-0.042513795,0.185025,0.02468351,0.105994396,0.056832958
fomc_statement_20120913,2012-09-13,20120913,2012,9,3,bernanke,0,0,0,608,1,0,0,0,0,0,1,0,0.010398033231021148,0.5876473314378046,0.01782253693331584,0.027753794603924298,0.6390450059742445,0.11004317699984488,0.10992873287869709,0.2892218215328484,0.051894566177774125,0.2077072816358052,0.3228169340784442,0.2099406825059632,0.7702645967131287,0.7425322383485702,0.07796532471857151,0.0,0.0,0.0,1.3223,1.6529,0.3306,0.00017279587,0.00014066693,0.9516746,7.2521296e-05,0.00014332957,0.00020141214,8.2999075e-05,0.047511768,0.25952286,0.014624536,0.05038943,0.0017583892,-0.035167523,-0.0014058575,0.12848003,-0.046027336,0.09987698,0.013062749
fomc_statement_20121024,2012-10-24,20121024,2012,10,4,bernanke,0,0,0,595,1,0,0,0,0,0,0,1,0.010290382784053052,0.613562633866503,0.02189392608139313,0.04043734498553031,0.6282581758640529,0.09360833893513971,0.10293709792709077,0.30190277823488754,0.04260885028544196,0.16033287160401755,0.4870256709202282,0.017751194740217358,0.8369355953061368,0.6748446189074256,0.06712335283763857,0.0,0.0,0.0,1.0152,1.692,0.3384,0.00017634325,0.00014355473,0.9686214,7.401011e-05,0.00014627204,0.00020554698,8.470299e-05,0.030548267,0.24945037,-0.008692026,0.042312603,0.018027544,-0.021955552,-0.010280117,0.1460603,-0.0051522404,0.11688917,0.033816565
fomc_statement_20121212,2012-12-12,20121212,2012,12,4,bernanke,0,0,0,733,1,0,0,0,0,0,0,1,0.010203824950061294,0.5752470658967647,0.012667094018151706,0.02154115281920177,0.5947139000752313,0.05815105917231157,0.12829494040144507,0.22275858177902946,0.05008234014081354,0.18111622665385751,0.42884262636312864,0.06454640562350962,0.8001116576116145,0.6663395485770364,0.026270987309948354,0.0,0.0,0.0,1.3643,1.2278,0.2729,0.00014150064,0.00011519061,0.99404156,5.9386894e-05,0.00011737102,0.00016493419,6.7967034e-05,0.00529219,0.25411385,0.0048249364,0.00507685,0.031501584,-0.05869939,-0.042628467,0.15813744,-0.045438867,0.10533569,0.018928695
fomc_statement_20130101,2013-01-01,20130101,2013,1,1,bernanke,0,0,0,27789,1,0,0,0,1,0,0,0,0.009589951791661236,0.5932462392123953,0.0,0.03164065080072598,0.7036774793114131,0.0989839185066446,0.13005289492494637,0.3391252015854134,0.08032568540047721,0.16913513820549175,0.4022026754403367,0.06066095675395196,0.8060791071634592,0.7169223352788252,0.03550273680143811,0.0,0.0,0.0,0.0,0.0307,0.0,2.6066225e-05,2.1219581e-05,4.9786322e-05,1.0939824e-05,2.162124e-05,3.0382973e-05,0.9998238,1.6162465e-05,-0.17613475,-1.161903,-0.17607711,-0.122116685,-0.03294205,0.06026736,-0.048061162,-0.012381289,0.0049517527,0.024153985
fomc_statement_20130130,2013-01-30,20130130,2013,1,1,bernanke,0,0,0,692,1,0,0,0,1,0,0,0,0.010342254987817073,0.5974422886631512,0.0022324577577907054,0.06438002320050717,0.7069190600522195,0.09910241825671785,0.09617265228058652,0.14042569197278654,0.15141752432392713,0.16647821473318958,0.47876220444563816,0.026576685490838053,0.8282406234791291,0.7273556806638777,0.04343852395800448,0.0,0.0,0.0,1.8813,1.1577,0.5789,0.00014884406,0.000121168625,0.9992069,6.246888e-05,0.00012346219,0.00017349373,7.14943e-05,9.2291346e-05,0.25468218,0.007986426,-0.024726488,-0.017011072,-0.035685964,-0.033168465,0.14589363,0.017827742,0.021490887,0.070824
fomc_statement_20130320,2013-03-20,20130320,2013,3,1,bernanke,0,0,0,690,1,0,0,0,1,0,0,0,0.010074769406961656,0.5873968210228341,0.003210086155049384,0.08646618622975144,0.6263995220604506,0.07155230363514144,0.06865309197689468,0.25077648585493373,0.08115239254664447,0.20422370853200333,0.64081160517264,0.2542991647663703,0.8478186319688208,0.693929376926123,0.03559932131360704,0.0,0.0,0.0,2.029,1.0145,0.5797,0.00015102226,0.00012294181,0.9991953,6.338306e-05,0.00012526894,0.00017603264,7.2540555e-05,9.3641946e-05,0.23981391,0.026648164,-0.08396399,0.021550082,-0.0383922,0.026998386,0.12474811,-0.017804835,0.009754986,0.08339396
fomc_statement_20130501,2013-05-01,20130501,2013,5,2,bernanke,0,0,0,716,1,0,0,0,0,1,0,0,0.006087953071279753,0.5796936257624912,0.0023413581362195166,0.05093867923222378,0.5310328804708591,0.12228312391195685,0.0724768850337113,0.2869447879297942,0.05700687300424586,0.22638044747987518,0.4387954109147955,0.027031344212635006,0.8188274359460594,0.6156104195719919,0.09133435107461083,0.0,0.0,0.0,2.095,1.257,0.5587,0.00014672383,0.00011944262,0.9992182,6.1579034e-05,0.00012170351,0.00017102236,7.0475886e-05,9.097668e-05,0.2482159,0.023996592,-0.090307534,0.024081033,-0.039169513,0.027273953,0.11590298,-0.0040374883,0.017054759,0.084504575
fomc_statement_20130619,2013-06-19,20130619,2013,6,2,bernanke,0,0,0,744,1,0,0,0,0,1,0,0,0.012822590032256075,0.6332527524831846,0.04971054774415341,0.10262763739655978,0.7861994955082534,0.2160552079562887,0.09276829009137799,0.3583368204279488,0.09111316059295807,0.22779167757230856,0.29870104105943285,0.33353286304852037,0.764868961438341,0.606786839522752,0.08562433237757916,0.0,0.0,0.0,2.2849,1.2097,0.5376,0.00014306008,0.0001164601,0.9992377,6.004138e-05,0.00011866453,0.00016675188,6.871608e-05,8.870497e-05,0.26925057,0.0027933717,-0.10438206,0.042344883,-0.015161475,0.046206728,0.100501135,-0.08401734,0.0107834935,0.11689095
fomc_statement_20130731,2013-07-31,20130731,2013,7,3,bernanke,0,0,0,747,1,0,0,0,0,0,1,0,0.023759500464428096,0.5693224945827123,0.045401557770413256,0.2014364459955395,0.6747466477851043,0.11520761156212837,0.09889703069760253,0.1520595799500679,0.12266687314465452,0.22930694700393306,0.43026336270437393,0.18984322008676857,0.7370664813663073,0.7379870185768642,0.08884766027623173,0.0,0.0,0.0,2.1419,0.9371,0.6693,0.0001414906,0.000115182425,0.99924606,5.9382677e-05,0.00011736268,0.00016492247,6.79622e-05,8.7731794e-05,0.2767061,-0.0024100542,-0.053074636,0.03600369,-0.026221434,0.06523399,0.11473548,-0.07308017,0.010923222,0.11230357
fomc_statement_20130918,2013-09-18,20130918,2013,9,3,bernanke,0,0,0,845,1,0,0,0,0,0,1,0,0.03114050883194578,0.6637899720680888,0.10607391860686717,0.2514885937431404,0.7484289949993363,0.18704646913835604,0.09160916098371419,0.2985880793082858,0.05713330896402328,0.2033992129240898,0.49586750374641003,0.05512737001788033,0.7330425638285034,0.6308300191105832,0.06768267807228848,0.0,0.0,0.0,1.8824,1.1765,0.5882,0.00012593903,0.000102522456,0.999329,5.2855783e-05,0.00010446307,0.00014679544,6.049232e-05,7.808898e-05,0.26891887,-0.02500102,0.03050663,0.0505215,-0.0411395,-0.0028727278,0.085795045,-0.1059334,-0.037076734,0.108016476
fomc_statement_20131030,2013-10-30,20131030,2013,10,4,bernanke,0,0,0,823,1,0,0,0,0,0,0,1,0.021927724208616883,0.5845034257299248,0.01812943799979705,0.21773395196079087,0.5666681417887331,0.09034205491493873,0.09933736452678554,0.24914217472459788,0.11618210567878764,0.17048549559139214,0.4081129996612208,0.06443341351513406,0.7290183810707196,0.6699722810460893,0.009394645758282125,0.0,0.0,0.0,1.8116,1.2077,0.6039,0.00012813025,0.00010430625,0.9993173,5.3775428e-05,0.00010628063,0.00014934958,6.154483e-05,7.9447665e-05,0.27371848,0.0012056231,-0.030915242,0.05195838,-0.050694793,0.05293557,0.10712075,-0.041016687,-0.0113308355,0.13127717
fomc_statement_20131218,2013-12-18,20131218,2013,12,4,bernanke,0,0,0,924,1,0,0,0,0,0,0,1,0.016676601026975893,0.6041810188258577,0.015119827541400697,0.24578002707648688,0.7149510997035006,0.10099195063515866,0.07103796147827596,0.3203757599123603,0.04913921648828518,0.1836787608126329,0.40893705725979484,0.04343873994967144,0.7112629642841515,0.6297281476507757,0.05432662575519719,0.0,0.0,0.0,1.9355,1.7204,0.3226,0.00011733938,9.552179e-05,0.99937475,4.9246573e-05,9.7329896e-05,0.00013677168,5.6361652e-05,7.2756746e-05,0.27994758,-0.0040968955,-0.077815175,0.045926936,-0.073903985,0.061612576,0.14483243,-0.051001374,0.012395784,0.13813806
fomc_statement_20140101,2014-01-01,20140101,2014,1,1,yellen,0,0,0,27697,0,0,0,1,1,0,0,0,0.02013625827982711,0.6522414419379486,0.0692804407495316,0.26202413944351216,0.7439483117227952,0.13417403519658033,0.07424221934586478,0.2726878211849226,0.045289224473176105,0.1796513829143751,0.4262621052535198,0.02717897378280429,0.7024539478657086,0.6634385276242619,0.02781057326511873,0.0,0.0,0.0,0.0,0.0212,0.0,1.3093157e-05,1.065867e-05,2.5007923e-05,0.9999108,1.08604245e-05,1.5261474e-05,6.2890385e-06,8.118463e-06,-0.19452825,-1.1492224,-0.1766807,-0.10566303,-0.02723738,0.08120343,-0.015153751,0.010774072,-0.008557115,-0.0021395124
fomc_statement_20140129,2014-01-29,20140129,2014,1,1,yellen,0,0,0,887,0,0,0,1,1,0,0,0,0.03030649129070387,0.6085273745255959,0.029826328646492054,0.2714358487782556,0.5458246669911936,0.12137821672957926,0.06750209609180297,0.2955474895269619,0.06626307581270546,0.18405347475560818,0.4934929970364447,0.02066847610973553,0.7114454356304478,0.7013411841674846,0.040342053329066326,0.0,0.0,0.0,1.7917,1.3438,0.3359,0.00012035157,9.7973905e-05,0.9993587,5.0510767e-05,9.982842e-05,0.00014028267,5.7808495e-05,7.462446e-05,0.28100836,-0.0006055236,-0.043095246,0.020303022,-0.04131148,0.102099344,0.085205905,-0.036710586,-0.031066973,0.12134227
fomc_statement_20140319,2014-03-19,20140319,2014,3,1,yellen,0,0,0,932,0,0,0,1,1,0,0,0,0.02219708468840352,0.6174455452985459,0.020030244605100007,0.23246326817073143,0.6192083019869895,0.040632487029663725,0.09478677820064524,0.25405639219705767,0.06164029085314555,0.17266355808034883,0.3922788855078789,0.061609955949892034,0.7301158613482988,0.6911316564227055,0.028479457050885636,0.0,0.0,0.0,1.9108,1.8047,0.4246,0.00011550147,9.4025614e-05,0.9993846,4.8475213e-05,9.580539e-05,0.00013462936,5.5478846e-05,7.161714e-05,0.27455384,0.0026543736,-0.061897546,0.020654209,-0.03486806,0.08729741,0.08229648,-0.01987584,-0.016405351,0.10075611
fomc_statement_20140430,2014-04-30,20140430,2014,4,2,yellen,0,0,0,866,0,0,0,1,0,1,0,0,0.03598946619283805,0.5743828049651165,0.046067335083989414,0.23287242133639824,0.5994269150772228,0.0419338297395591,0.08344864092112125,0.2523698921900051,0.03592989627003013,0.16871945473391592,0.44290043858176636,0.0,0.7281039025793969,0.7605065165366803,0.14546636624558706,0.0,0.0,0.0,1.9429,1.8286,0.3429,0.000120634206,9.8203986e-05,0.9993572,5.0629387e-05,0.00010006286,0.0001406121,5.7944253e-05,7.479971e-05,0.25944895,-0.010527909,0.050602593,0.003515523,-0.081214204,0.07446851,0.036466785,-0.011789892,-0.08307531,0.107181385
fomc_statement_20140618,2014-06-18,20140618,2014,6,2,yellen,0,0,0,853,0,0,0,1,0,1,0,0,0.031948590271305685,0.6302842040657841,0.058714629033335894,0.20395939238876232,0.6480948798513079,0.067865884137408,0.039161911017522144,0.24569488784093205,0.0133039256695602,0.17646650826120824,0.5251703815386681,0.039755062702213004,0.76861864151674,0.6882048103575918,0.0,0.0,0.0,0.0,1.9722,1.8561,0.232,0.000121199926,9.8664525e-05,0.9993542,5.0866816e-05,0.00010053212,0.0001412715,5.8215985e-05,7.515049e-05,0.2556122,0.014397442,-0.02581181,0.0028441623,-0.026029037,0.098205,0.06952403,-0.03510287,-0.043810494,0.11567706
fomc_statement_20140730,2014-07-30,20140730,2014,7,3,yellen,0,0,0,906,0,0,0,1,0,0,1,0,0.046225945632618254,0.6165311822839035,0.0264330918549942,0.20041346420433842,0.5736491569677392,0.06150137028801904,0.033579429322102616,0.2979415954750833,0.027327002720043042,0.1786131004655771,0.5099634667797965,0.033439947216543656,0.7823368797665005,0.6522906874644905,0.022197139080255973,0.0,0.0,0.0,1.6358,1.9629,0.2181,0.00011422013,9.298252e-05,0.9993914,4.7937443e-05,9.474256e-05,0.0001331358,5.486338e-05,7.082264e-05,0.25370115,0.018066823,-0.0011521969,0.008147009,-0.03128624,0.075938,0.03727901,-0.0024705194,-0.053348333,0.124488726
fomc_statement_20140917,2014-09-17,20140917,2014,9,3,yellen,0,0,0,950,0,0,0,1,0,0,1,0,0.047572748031551426,0.6610093064619162,0.09184509416170221,0.1790696699445063,0.6860755852546799,0.10091869624420431,0.0564156057415528,0.23489273070069444,0.05954506637683409,0.22820020968557975,0.654289525007096,0.2789374975409084,0.7323108219034573,0.6309591446722794,0.0509605834281159,0.0,0.0,0.0,1.5609,1.873,0.1041,0.00010984092,8.941756e-05,0.99941474,4.6099518e-05,9.111012e-05,0.00012803139,5.275991e-05,6.810729e-05,0.2696541,0.0051210523,0.034568306,-0.011493545,-0.0153296795,0.07529651,0.0100639835,-0.053757224,-0.08336304,0.09843838
fomc_statement_20141029,2014-10-29,20141029,2014,10,4,yellen,0,0,0,772,0,0,0,1,0,0,0,1,0.04525615416043979,0.47905106654809176,0.18621222208747173,0.16788647967305714,0.4575607381510821,0.2584005550097386,0.1358885690551166,0.36761656691225214,0.22045592057340718,0.28654428639104923,0.49862351860386334,0.07927136231827524,0.6589637059718257,0.6131914673828832,0.09042040210871383,0.0,0.0,0.0,2.4328,3.073,0.128,0.00013173086,0.000107237385,0.9992981,5.5286586e-05,0.000109267254,0.00015354645,6.327432e-05,8.168024e-05,0.30137616,0.010020494,-0.017618604,0.037926473,0.005389048,0.06608415,0.032749716,0.006687887,-0.033261213,0.07735194
fomc_statement_20141217,2014-12-17,20141217,2014,12,4,yellen,0,0,0,779,0,0,0,1,0,0,0,1,0.05540216972678817,0.6349562233049839,0.07619313977116071,0.14492545264917284,0.5306124706819491,0.12447644655876729,0.08738568089175663,0.3699382666710549,0.17376492685560446,0.34532709462046185,0.5326952482397214,0.08547617598386366,0.6258244694605823,0.5712084430900608,0.13587566834320086,0.0,0.0,0.0,2.4204,2.9299,0.5096,0.00013519163,0.000110054665,0.9992796,5.673904e-05,0.00011213786,0.00015758035,6.493662e-05,8.38261e-05,0.27025747,0.013249576,-0.009292653,0.02450012,-0.013656845,0.068640694,0.013126124,-0.008633353,-0.060084864,0.046386037
fomc_statement_20150101,2015-01-01,20150101,2015,1,1,yellen,0,0,0,23047,0,0,0,1,1,0,0,0,0.06427450395252132,0.7004646968197703,0.16178388719900805,0.13475535646554948,0.5883303093330974,0.0828183980557423,0.10664953731429783,0.35694652755901807,0.1831822588332898,0.3620740894936918,0.5973532490759873,0.18801920462299143,0.6023334053847613,0.6092316168241999,0.0965715381299797,0.0,0.0,0.0,0.0,0.0258,0.0,3.212325e-05,2.615039e-05,6.135522e-05,1.3481918e-05,2.6645383e-05,3.7443086e-05,0.99978286,1.9918149e-05,-0.19298694,-1.1231875,-0.1754684,-0.13438135,-0.054754518,0.07627672,-0.03994105,-0.0031834394,0.01713068,-0.011581857
fomc_statement_20150128,2015-01-28,20150128,2015,1,1,yellen,0,0,0,614,0,0,0,1,1,0,0,0,0.06439027896152473,0.48258326339917584,0.17788876816346938,0.09477541663815708,0.41884984732486624,0.29827679817984387,0.15244765566137974,0.3145635176243247,0.1267154139203197,0.42051738052552023,0.7817330846917567,0.48184072215408696,0.5779514673958448,0.6609334917273557,0.05114366153327194,0.0,0.0,0.0,2.2801,2.6059,0.3257,0.00016193556,0.00013182595,0.92208993,6.7963294e-05,0.07718144,0.00018875327,7.778254e-05,0.00010040878,0.27692062,0.0038343072,0.008571335,0.0051464103,-0.060997367,0.07854825,-0.0088186115,0.009731419,-0.08695977,-0.011085879
fomc_statement_20150318,2015-03-18,20150318,2015,3,1,yellen,0,0,0,629,0,0,0,1,1,0,0,0,0.07100898467192003,0.6363340305873217,0.08448194357475393,0.10167288075864789,0.7193211488250654,0.1467177723770619,0.10393989915576762,0.2345593801277922,0.06594006771923638,0.5134449090266449,0.788588023085821,0.6140162675007457,0.6273203101482447,0.7172150198853365,0.10103028284846471,0.0,0.0,0.0,2.381,2.0635,0.1587,0.00016347684,0.00013308066,0.926232,6.861016e-05,0.07303253,0.00019054979,7.852287e-05,0.00010136446,0.25942612,0.007384479,0.014257152,0.0045663267,-0.07468227,0.07867189,0.0018352941,-0.014173966,-0.07386006,0.021042734
fomc_statement_20150429,2015-04-29,20150429,2015,4,2,yellen,0,0,0,605,0,0,0,1,0,1,0,0,0.055629188739044544,0.5683204529228303,0.04949027197869513,0.07705823422229058,0.6340775324158076,0.022133598772773502,0.07233031315804722,0.23191185251705543,0.03532136783396934,0.5546313478024985,0.43602871382921254,0.19004162884849946,0.6724777248369229,0.7453041337396485,0.08194691311574429,0.0,0.0,0.0,2.1417,1.8122,0.1647,0.00016143163,0.00013141571,0.9352251,6.77518e-05,0.06404859,0.00018816588,7.7540484e-05,0.00010009632,0.25135463,-0.028126895,-0.010656513,0.0154163055,-0.117172934,0.040530115,-0.0022022724,0.038257077,-0.053542368,-0.005108319
fomc_statement_20150617,2015-06-17,20150617,2015,6,2,yellen,0,0,0,590,0,0,0,1,0,1,0,0,0.07020090323256013,0.662863083532698,0.1065441702409916,0.1442240189717342,0.712893304420941,0.1599444990261475,0.07090471958735,0.28041130476893494,0.03083292534164462,0.4994735027850554,0.5318910290648167,0.2937327380173719,0.6865831842576029,0.674087082278808,0.029259340947652646,0.0,0.0,0.0,2.1959,1.6892,0.1689,0.00017050115,0.00013879889,0.90051776,7.1558214e-05,0.09871516,0.00019873737,8.1896855e-05,0.000105719904,0.25617534,0.016986072,-0.036783334,0.016579539,-0.10068893,0.05329582,-0.029668607,0.019419448,-0.12305829,-0.015904436
fomc_statement_20150729,2015-07-29,20150729,2015,7,3,yellen,0,0,0,584,0,0,0,1,0,0,1,0,0.07305637430482263,0.6109072234678157,0.07469080955056319,0.15943071350063065,0.6040071690932426,0.08238964441456816,0.08847153372099759,0.24149344818020677,0.12992177533263732,0.5190602546525453,0.6488919477364359,0.30201142767210365,0.6686580266837823,0.5977566585747982,0.098963085976073,0.0,0.0,0.0,2.2184,1.7065,0.3413,0.00017106686,0.00013925941,0.9180217,7.179564e-05,0.081208706,0.00019939676,8.216858e-05,0.00010607068,0.28171402,0.009855866,-0.025114097,0.02459941,-0.063484006,0.07368836,-0.031338625,-0.028612178,-0.120458335,0.013575137
fomc_statement_20150917,2015-09-17,20150917,2015,9,3,yellen,0,0,0,633,0,0,0,1,0,0,1,0,0.08027582888109938,0.6249232811854153,0.080823880862986,0.12588074717814834,0.6561601097490819,0.0693374355792268,0.23754620095434958,0.505203372059674,0.48944852723917914,0.5143436753677948,0.372695309281025,0.23293087741398733,0.5744593159181054,0.6547871149906169,0.047799242604437416,0.0,0.0,0.0,2.5237,1.8927,0.3155,0.00016295773,0.00013265805,0.910299,6.839229e-05,0.0889679,0.00018994471,7.8273515e-05,0.00010104258,0.26453143,0.015708089,-0.021117866,0.03928993,-0.057784244,0.03503637,-0.006634973,0.03871131,-0.08778976,-0.003447134
fomc_statement_20151028,2015-10-28,20151028,2015,10,4,yellen,0,0,0,624,0,0,0,1,0,0,0,1,0.07106288801619288,0.552475669175946,0.0870782275968409,0.10917389029316249,0.5713037128822411,0.08591447334401985,0.18016730096787276,0.10396353361010677,0.221022053771203,0.5057449209147009,0.46769083800553646,0.18561106031323704,0.5628445373303752,0.6854931735619717,0.051142219973388824,0.0,0.0,0.0,2.56,1.6,0.16,0.00016773024,0.00013654318,0.91082454,7.039528e-05,0.0884208,0.00019550759,8.05659e-05,0.00010400179,0.25394732,0.012991428,-0.04623571,0.060221095,-0.07973776,0.053323165,0.00235077,0.031153062,-0.118427485,-0.00086920336
fomc_statement_20151216,2015-12-16,20151216,2015,12,4,yellen,0,1,0,643,0,0,0,1,0,0,0,1,0.11181662863486266,0.6407555394115511,0.06000410851427708,0.14097037129908208,0.5951675001106342,0.05142673699088199,0.13882703861831808,0.3357221106874356,0.13633361208316092,0.5773600230928562,0.4181680283964144,0.197846155191298,0.5890724063806623,0.6749134858736636,0.03841036308568777,0.0,0.0,0.0,2.5039,1.8779,0.313,0.00016828386,0.00013699387,0.71320593,7.062763e-05,0.28603694,0.0001961529,8.083182e-05,0.00010434507,0.26175958,0.014502823,-0.077384464,0.091560066,-0.07867098,0.02265945,-0.009687513,0.0045974106,-0.061282188,-0.01036031
fomc_statement_20160127,2016-01-27,20160127,2016,1,1,yellen,0,1,0,611,0,0,0,1,1,0,0,0,0.1189590561133814,0.5004822325488183,0.1553092646996948,0.12385258146182176,0.5094260300039829,0.1558637985418067,0.21931223074396766,0.44634325235437655,0.23369182301501162,0.5742685038218949,0.5279645472108703,0.07681546539129068,0.576085114396008,0.6471600984797617,0.05937929314552692,0.0,0.0,0.0,2.1452,1.9802,0.33,0.00017454496,0.00014209081,0.5975119,7.3255374e-05,0.4017028,0.00020345088,8.3839215e-05,0.00010822729,0.28061247,0.026980817,-0.11316158,0.081665695,0.014496656,0.04575135,-0.038948856,0.039726734,-0.029580552,-0.022416882
fomc_statement_20160316,2016-03-16,20160316,2016,3,1,yellen,0,1,0,624,0,0,0,1,1,0,0,0,0.09331387604886925,0.7291356138131444,0.20967777863028075,0.054280129710847946,0.7000818692746826,0.1296171811710361,0.2053970210381933,0.1074583076698842,0.19948786279537703,0.5359953173250465,0.49962001788510196,0.1583207758522413,0.5685146752845479,0.8229258130606203,0.19739567791515847,0.0,0.0,0.0,2.269,2.107,0.1621,0.00017220946,0.00014018956,0.5866184,7.227519e-05,0.41260672,0.0002007286,8.271741e-05,0.00010677915,0.23535298,0.02744335,-0.11967337,0.0952615,0.048182763,-0.0018957183,-0.049249582,0.05323098,-0.020048633,-0.016965494
fomc_statement_20160427,2016-04-27,20160427,2016,4,2,yellen,0,1,0,629,0,0,0,1,0,1,0,0,0.09304451556908262,0.5614314165111415,0.13029682778147655,0.057280454423026816,0.6065075009957075,0.09864781012461864,0.08141015783474681,0.2530854910221027,0.024063182809562426,0.4900180716116771,0.40391488400626285,0.11426528731101986,0.6435992473056966,0.6976223679906342,0.04459033030461603,0.0,0.0,0.0,2.09,2.09,0.0,0.00017050543,0.00013880237,0.61555976,7.156002e-05,0.3836731,0.00019874237,8.1898914e-05,0.00010572256,0.2827723,-0.0044313967,-0.09701132,0.07078119,0.033582006,0.020216107,0.0115798935,0.05747485,-0.0046129823,0.030692067
fomc_statement_20160615,2016-06-15,20160615,2016,6,2,yellen,0,1,0,593,0,0,0,1,0,1,0,0,0.09557672281728563,0.6123977604368902,0.14873316684775484,0.045483435526043614,0.5927224852856575,0.09983496216626163,0.09777787222533468,0.29001828961535386,0.09160390933171675,0.48497468386849807,0.4974087966622615,0.1557343999429659,0.6548482875408936,0.6674672451491831,0.01144021923242703,0.0,0.0,0.0,2.0408,1.8707,0.0,0.00018129466,0.0001475855,0.6088326,7.608818e-05,0.39035168,0.00021131834,8.7081295e-05,0.00011241246,0.28034973,0.0019664764,-0.12649417,0.090621576,0.017654352,0.040064275,0.00012482703,0.056659583,-0.031959325,0.0057525076
fomc_statement_20160727,2016-07-27,20160727,2016,7,3,yellen,0,1,0,618,0,0,0,1,0,0,1,0,0.07408006912127393,0.6019013740496262,0.12058736904110744,0.0,0.6042726910651858,0.1522549425168485,0.11291316191101752,0.09670222719557664,0.22078376799471683,0.5123010794221452,0.6495618760434247,0.30705908108495295,0.6263143307637937,0.6721760239657043,0.03682320565437449,0.0,0.0,0.0,2.2876,2.1242,0.1634,0.00017454237,0.00014208868,0.56682485,7.325428e-05,0.43238977,0.00020344784,8.3837964e-05,0.00010822567,0.24904083,0.041615427,-0.18906768,0.0913129,0.06076157,0.0056892037,-0.03619898,0.023675043,-0.095161416,-0.017925536
fomc_statement_20160921,2016-09-21,20160921,2016,9,3,yellen,0,1,0,656,0,0,0,1,0,0,1,0,0.08868053206506837,0.6211530994401093,0.050878751803662525,0.011865244050272283,0.7041753330088066,0.08211170863712362,0.06806686243069371,0.3511892951680623,0.10435846905205542,0.4999191487247092,0.49777046638608013,0.09899252066225482,0.602536033449544,0.6893066818173993,0.009228866371723522,0.0,0.0,0.0,2.1538,2.0,0.1538,0.00016827775,0.00013698889,0.5619294,7.062507e-05,0.43731344,0.00019614575,8.082888e-05,0.00010434128,0.25471103,0.030717313,-0.18221834,0.12010578,0.03927162,0.009143695,-0.029638313,0.038207747,-0.068444654,-0.018846488
fomc_statement_20161102,2016-11-02,20161102,2016,11,4,yellen,0,1,0,650,0,0,0,1,0,0,0,1,0.09719304193758307,0.6393526810877163,0.06878048901219931,0.035800209856616416,0.7355069256981016,0.13430977127393695,0.08284552672758533,0.3198016822684765,0.0751917719975907,0.5388178205903844,0.6829835157959634,0.3517410705127926,0.6536593063701861,0.7501592548594254,0.06918622503038088,0.0,0.0,0.0,2.3292,2.0186,0.1553,0.00017163895,0.00013972513,0.5573881,7.203575e-05,0.44183967,0.0002000636,8.2443374e-05,0.00010642541,0.2448958,0.03134024,-0.15099853,0.091368474,0.014764333,0.0015257746,-0.03367468,-0.0313395,-0.07191018,-0.05808825
fomc_statement_20161214,2016-12-14,20161214,2016,12,4,yellen,0,1,0,588,0,0,0,1,0,0,0,1,0.1305098397039535,0.7608377068276615,0.2623533866780187,0.13913402702823496,0.893094216046378,0.41185342227278215,0.08288238703320905,0.14383019338094588,0.16791070335949546,0.603878638261615,0.6730627779286854,0.40604723002872894,0.7097474973179629,0.7792297229826284,0.11340030820550304,0.0,0.0,0.0,2.5641,2.2222,0.1709,0.00018129434,0.00014758523,0.5239396,7.608805e-05,0.4752447,0.00021131798,8.708115e-05,0.000112412265,0.24639733,0.0347625,-0.16892333,0.12422736,0.040342763,-0.01242473,-0.0071838275,0.009372648,-0.028774828,-0.04015902
fomc_statement_20170101,2017-01-01,20170101,2017,1,1,yellen,0,1,0,23707,0,0,0,1,1,0,0,0,0.1521603913539036,0.6836429224545011,0.13893213278916144,0.18052118479998952,0.7366243306633625,0.1450609304169468,0.04820321465139188,0.2580551885617028,0.02103028744448661,0.6405047290833918,0.6098041489774055,0.26160766920484163,0.730491412840095,0.7171547612898783,0.046053513585981136,0.0,0.0,0.0,0.0,0.0191,0.0,1.2778605e-05,1.0402605e-05,2.4407e-05,0.9999129,1.0599513e-05,1.4894831e-05,6.13795e-06,7.923424e-06,-0.18011546,-1.1479752,-0.19937822,-0.12718341,-0.014349589,0.05117546,-0.05672285,0.015231336,0.010764644,0.030283716
fomc_statement_20170201,2017-02-01,20170201,2017,2,1,yellen,0,1,0,553,0,0,0,1,1,0,0,0,0.15842458492471892,0.5832132970928267,0.03308343996495387,0.18120126103813766,0.609052086560163,0.08055828464070879,0.0341020033614744,0.24872560405098523,0.022073946428913443,0.6352575707090011,0.2544323616575156,0.3017682928674741,0.751817751438487,0.7273040304391991,0.04455429130753808,0.0,0.0,0.0,2.5547,2.1898,0.1825,0.00019068264,0.00015522791,0.51908594,8.002826e-05,0.48005614,0.00022226106,9.159063e-05,0.00011823352,0.25887656,0.012919724,-0.15890406,0.10680759,0.005430948,-0.03087771,0.0030791238,0.019136569,-0.020095598,0.0600294
fomc_statement_20170315,2017-03-15,20170315,2017,3,1,yellen,0,1,0,575,0,0,0,1,1,0,0,0,0.16437692030663975,0.6865613687889075,0.1598434804560946,0.18220644496326321,0.6880448732132585,0.11198872744195666,0.030295230183721933,0.2767124769028958,0.0017593342284499477,0.6235675339275408,0.5740644657207299,0.14486597151859043,0.7557233808651742,0.681378372329253,0.013031701343389657,0.0,0.0,0.0,2.807,2.4561,0.1754,0.00018193456,0.00014810642,0.48789477,7.6356744e-05,0.5112866,0.00021206425,8.738867e-05,0.00011280924,0.24109001,0.061384678,-0.16336183,0.060829666,0.03810565,0.02210942,-0.026705638,-0.00791705,-0.06414236,-0.0431779
fomc_statement_20170503,2017-05-03,20170503,2017,5,2,yellen,0,1,0,571,0,0,0,1,0,1,0,0,0.1645384740978807,0.5866578152986711,0.04599060981736912,0.15568010985633957,0.5715802982696819,0.0822151266008239,0.05160589610339428,0.24884737809665755,0.08264297368107698,0.5993087695232888,0.4117266448342271,0.1465521097072664,0.7211532825613884,0.6963483291152317,0.048434970512892604,0.0,0.0,0.0,2.4735,3.1802,0.1767,0.00018520927,0.00015077223,0.5057628,7.7731114e-05,0.4934039,0.00021588131,8.8961606e-05,0.00011483973,0.22391699,0.043807983,-0.17221014,0.059948493,0.0008291993,0.004729256,-0.0014217943,-0.0043743104,-0.034494806,-0.06477413
fomc_statement_20170614,2017-06-14,20170614,2017,6,2,yellen,0,1,0,605,0,0,0,1,0,1,0,0,0.17369751161851435,0.5989453511529742,0.0427433985333099,0.14374683840684582,0.540669115369297,0.11383085992036819,0.01364774066418098,0.2587834819854341,0.055698073381795214,0.5536434695056065,0.31054915808782013,0.255631530044299,0.7139284250839752,0.6590740836389306,0.018678291405564144,0.0,0.0,0.0,2.3372,2.8381,0.1669,0.00018004159,0.00014656542,0.5263085,7.5562275e-05,0.47288144,0.00020985778,8.647941e-05,0.00011163549,0.29252058,0.02260983,-0.12567063,0.09183444,0.06793783,-0.033691876,-0.0058368146,-0.03380907,-0.027116068,-0.114550635
fomc_statement_20170726,2017-07-26,20170726,2017,7,3,yellen,0,1,0,560,0,0,0,1,0,0,1,0,0.18269483910632944,0.6076380625524507,0.022596828523979123,0.14265563146235571,0.7040093817763421,0.1191051760690832,0.007972007032049894,0.24665168391407172,0.017635124086840988,0.5148784978838981,0.26828568550909976,0.30817723215741955,0.6832907434248652,0.7080987552295853,0.02288908782415277,0.0,0.0,0.0,2.3551,2.5362,0.1812,0.00019140936,0.0001558195,0.48321408,8.033326e-05,0.5159247,0.00022310815,9.19397e-05,0.000118684125,0.29646134,0.018388331,-0.1424895,0.10343076,0.044120252,-0.03614527,-0.015868261,-0.030582208,-0.044256844,-0.084446125
fomc_statement_20170920,2017-09-20,20170920,2017,9,3,yellen,0,1,0,588,0,0,0,1,0,0,1,0,0.17714560699462295,0.6106066109698511,0.04279289870532299,0.12533514370590326,0.608631676771253,0.05642742644397332,0.03533811796070549,0.20360432368387646,0.07752214691122403,0.44367683899278965,0.35557169758917373,0.1513892480610588,0.6872234252895209,0.7041475130416818,0.0492768414846337,0.0,0.0,0.0,2.418,2.5907,0.1727,0.00018590441,0.00015133813,0.44065577,7.8022866e-05,0.5585078,0.00021669154,8.929551e-05,0.000115270755,0.20681883,-0.1534065,-0.08137137,0.02233953,0.038503144,-0.22680864,-0.011452861,0.17338382,0.0680578,-0.05347789
fomc_statement_20171101,2017-11-01,20171101,2017,11,4,yellen,0,1,0,566,0,0,0,1,0,0,0,1,0.20699306053033079,0.6796472813357216,0.11618185373194172,0.15765765053138497,0.6903350002212685,0.06278978575245188,0.0,0.2836677026080333,0.0035101485135186627,0.46023757544656085,0.5570461502775853,0.13303038445228588,0.7133796849451857,0.6939724187800218,0.022913594342165777,0.0,0.0,0.0,2.8725,2.5135,0.1795,0.00019000405,0.00015467551,0.34252292,7.974346e-05,0.6566222,0.00022147014,9.126469e-05,0.00011781276,0.21413441,-0.102783084,-0.09041793,0.011649612,-0.03031736,-0.214998,0.02205307,0.1291367,0.06694893,-0.13369441
fomc_statement_20171213,2017-12-13,20171213,2017,12,4,yellen,0,1,0,539,0,0,0,1,0,0,0,1,0.23872634990770034,0.6972331124666509,0.14495135370595413,0.16181740734134292,0.6449860600964731,0.0,0.00981728261499526,0.2683928176821556,0.03096876731891491,0.4693246039660699,0.38361865055990135,0.1358232399881762,0.7192328246856149,0.6672606442504693,0.022404723703425007,0.0,0.0,0.0,3.0132,2.8249,0.1883,0.00020593863,0.00016764726,0.20625485,8.643109e-05,0.7928184,0.0002400436,9.891854e-05,0.00012769306,0.23583637,-0.056215763,-0.09853512,0.020503815,0.014318254,-0.17676093,0.02389457,0.04013251,0.056850113,-0.07643458
fomc_statement_20180131,2018-01-31,20180131,2018,1,1,powell,0,1,0,474,0,0,1,0,1,0,0,0,0.2803508248383486,0.7199418815837269,0.16572162588264994,0.19870625333957176,0.7504093463734125,0.13967242359997933,0.01355966617081697,0.324334591821862,0.058708476096344615,0.41553919507628123,0.2024938424584996,0.3931025716129523,0.7602655382440582,0.7379784102060845,0.06578990994575412,0.0,0.0,0.0,3.2258,2.7957,0.2151,0.00023500466,0.00019130888,0.00044895246,9.862992e-05,0.99849355,0.00027392313,0.00011287984,0.00014571556,0.2378688,0.05325395,-0.16093351,0.08745684,0.03441549,-0.023995094,0.0016615614,-0.06692566,0.030208133,-0.06298061
fomc_statement_20180321,2018-03-21,20180321,2018,3,1,powell,0,1,0,500,0,0,1,0,1,0,0,0,0.31706259584444274,0.6799604193544347,0.13514289462155882,0.26246730630878984,0.6263995220604506,0.007814519882103521,0.18968214747986012,0.08956128431653729,0.2662495256947519,0.3838247088347082,0.478766782543408,0.05870679859392082,0.7888299953188673,0.7359554430728441,0.08270661517414768,0.0,0.0,0.0,3.252,2.8455,0.2033,0.00021810496,0.00017755144,0.00041667576,9.153722e-05,0.9986019,0.00025422472,0.0001047624,0.00013523683,0.23217015,0.048624337,-0.15764892,0.074424125,0.056164406,-0.052160963,-0.07612187,-0.039430257,-0.032612637,-0.04678962
fomc_statement_20180502,2018-05-02,20180502,2018,5,2,powell,0,1,0,474,0,0,1,0,0,1,0,0,0.33850534619618167,0.7156832045292284,0.18844220483666185,0.26076266624690064,0.7164335973801833,0.12701018666942449,0.17352097057743943,0.13749324130538015,0.16197216650368582,0.3903016208144332,0.5705988457089489,0.18852464253635004,0.7942258958136352,0.7320128092557203,0.05884014974924067,0.0,0.0,0.0,2.7957,3.4409,0.2151,0.00023079643,0.00018788312,0.00044092463,9.6863754e-05,0.99852055,0.000269018,0.0001108585,0.00014310624,0.26514864,0.047548592,-0.16364124,0.09843625,0.057784267,-0.028442532,-0.054025814,-0.04200292,0.004786305,-0.07821673
fomc_statement_20180613,2018-06-13,20180613,2018,6,2,powell,0,1,0,374,0,0,1,0,0,1,0,0,0.3612950551884313,0.5762992096396408,0.10885830328260392,0.28217468566002196,0.5984422710979335,0.10470422462381716,0.06889291578927031,0.2275021275195238,0.05767415496986359,0.4600697339287598,0.5483843892970178,0.12047548155319758,0.8103220964048106,0.6592032092006268,0.03741712832621925,0.0,0.0,0.0,3.0387,2.7624,0.2762,0.00029065035,0.00023660806,0.0005552256,0.00012198405,0.9981369,0.00033878416,0.00013960815,0.00018021889,0.15410839,0.055673957,-0.17091863,0.0472456,0.017767897,-0.071491204,-0.09210728,-0.09428315,-0.008955359,-0.042927373
fomc_statement_20180801,2018-08-01,20180801,2018,8,3,powell,0,1,0,362,0,0,1,0,0,0,1,0,0.3733095637813275,0.6610719340656588,0.09101844128908347,0.2660132344932136,0.6670022569367616,0.04693667373356086,0.07349610725808009,0.20513754825120245,0.08546975457587414,0.48609626240935677,0.45561229005606646,0.026275373201836538,0.7987073178170805,0.6580582958869206,0.01763604361006959,0.0,0.0,0.0,2.8571,2.2857,0.2857,0.0002973555,0.00024206648,0.00056802493,0.00012479816,0.9980939,0.0003465997,0.00014282884,0.00018437645,0.14709933,0.046208322,-0.1749195,0.053340517,-0.008305894,-0.049460106,-0.108118236,-0.088050336,0.004716508,-0.011042699
fomc_statement_20180926,2018-09-26,20180926,2018,9,3,powell,0,1,0,344,0,0,1,0,0,0,1,0,0.39076549779738434,0.7086438618685572,0.16831048487893496,0.2749463789845961,0.7411271407708989,0.13466096144233586,0.05518320035546623,0.25547113390913495,0.027593302070366685,0.49418500869805504,0.3675083245077782,0.13865006041378652,0.7838000983966127,0.7019437701220668,0.004425588841173257,0.0,0.0,0.0,3.003,2.4024,0.3003,0.0003117401,0.00025377647,0.0005955006,0.00013083528,0.9980017,0.0003633665,0.00014973819,0.00019329568,0.14046083,0.03991276,-0.17087868,0.061933342,0.00634161,-0.05599218,-0.11319031,-0.09138404,0.025058918,-0.026886549
fomc_statement_20181108,2018-11-08,20181108,2018,11,4,powell,0,1,0,357,0,0,1,0,0,0,0,1,0.4168417483745017,0.6223304983904706,0.06269444286318895,0.31913412986035,0.6561047926715937,0.0579636141131048,0.16974800533199386,0.41166303852103303,0.258183115939594,0.5121998187733796,0.5439314261995379,0.1110416493619477,0.779867416531957,0.6289620026513782,0.05435978163250892,0.0,0.0,0.0,2.6012,2.3121,0.289,0.00030259287,0.00024633002,0.0005780321,0.00012699625,0.9980603,0.0003527044,0.0001453445,0.0001876239,0.16318612,0.05055493,-0.13051398,0.029226426,0.003826104,-0.05906976,-0.09392153,-0.113327265,0.016392909,-0.024784058
fomc_statement_20181219,2018-12-19,20181219,2018,12,4,powell,0,1,0,384,0,0,1,0,0,0,0,1,0.4075430308834914,0.4891591617921515,0.15566071592098785,0.29091818400066766,0.4710581050581937,0.19913128910491756,0.19819313022815527,0.34802693134106605,0.12380888635547424,0.5350345151046274,0.4934426379609763,0.033178989251961985,0.7211702566401137,0.5675929273625674,0.12782023171633564,0.0,0.0,0.0,2.681,2.1448,0.2681,0.000284242,0.00023139124,0.0005429902,0.000119294506,0.99817795,0.0003313145,0.00013653003,0.00017624536,0.16898309,0.051496208,-0.15513109,0.11412455,0.047532126,-0.044386484,-0.09563139,-0.07559998,0.0068522394,-0.022220429
fomc_statement_20190130,2019-01-30,20190130,2019,1,1,powell,0,0,0,381,0,0,1,0,1,0,0,0,0.36877199588459686,0.5953755777396446,0.10315093344949373,0.2355470450993971,0.629309200336328,0.045783994346484655,0.2433176593319552,0.018970891771553755,0.3075295374509106,0.5186052387102937,0.4170601287361093,0.0705272527885679,0.6788331912196273,0.7288277120672142,0.056520679897303285,0.0,0.0,0.0,2.4194,2.1505,0.0,0.0002781082,0.00022639793,0.00053126866,0.00011672019,0.9982173,0.00032416492,0.00013358377,0.00017244207,0.11679198,0.06479758,-0.2129475,0.111132935,0.10247142,0.028966948,-0.15967168,-0.06061637,0.004726954,-0.09726616
fomc_statement_20190320,2019-03-20,20190320,2019,3,1,powell,0,0,0,397,0,0,1,0,1,0,0,0,0.3582780303249279,0.574871300274309,0.05130692829157582,0.22155278075837098,0.6104350134973671,0.029997673095816746,0.09114286266251953,0.23070962767232908,0.0377345565972682,0.5298303725812441,0.47278168272561627,0.03612889036705284,0.7316705808715394,0.732228018525214,0.05153288270171389,0.0,0.0,0.0,2.3196,2.0619,0.0,0.00026387782,0.0002148135,0.0005041018,0.000110747795,0.9983085,0.00030757792,0.00012674849,0.00016361848,0.12723546,0.0457865,-0.24935648,0.12597543,0.10710121,-0.01142513,-0.1357957,-0.017880127,-0.022845238,-0.115538314
fomc_statement_20190501,2019-05-01,20190501,2019,5,2,powell,0,0,0,373,0,0,1,0,0,1,0,0,0.3330639207730208,0.6113456166940141,0.10498986483978033,0.19141229231373447,0.6787184139487544,0.06640295085923091,0.06606836929853366,0.22311073915435212,0.04289055369339886,0.540117687663435,0.5365530586271201,0.08254947860531421,0.739352942814594,0.709364185734208,0.032589344277655974,0.0,0.0,0.0,2.4725,3.022,0.0,0.0002906511,0.00023660867,0.0005552319,0.00012198437,0.9981369,0.00033878503,0.0001396085,0.00018021936,0.14023544,0.047633946,-0.20080785,0.10495196,0.10304821,0.028937772,-0.15584992,-0.077074334,-0.014682315,-0.07520037
fomc_statement_20190619,2019-06-19,20190619,2019,6,2,powell,0,0,0,410,0,0,1,0,0,1,0,0,0.28856194470766805,0.3652692360684896,0.3877769225248058,0.14149639711864415,0.4517303181838298,0.25523553441232744,0.12893445124896163,0.22825016808579662,0.06728069785015928,0.547233396877747,0.433089575060965,0.06236895353502202,0.6867661860438594,0.595759516553897,0.10295620685231077,0.0,0.0,0.0,2.7569,2.005,0.0,0.00026660354,0.00021703242,0.0005092955,0.000111891764,0.998291,0.00031075504,0.00012805774,0.00016530858,0.13678055,0.056827843,-0.2070955,0.108515784,0.12614933,0.0020049661,-0.16537161,-0.055614453,-0.02037995,-0.07635991
fomc_statement_20190731,2019-07-31,20190731,2019,7,3,powell,0,0,0,457,0,0,1,0,0,0,1,0,0.25127957946016977,0.6495359294562671,0.10270295689277521,0.10099102473389221,0.6577974952427315,0.0263845079890377,0.07239027877055038,0.22050505667900078,0.04917295546407483,0.5372728902539845,0.5564891483822528,0.11657994410253499,0.6725907085484378,0.7020298538298643,0.023142802363581585,0.0,0.0,0.0,2.2422,1.7937,0.0,0.0002474167,0.00020141307,0.00047268634,0.000103839164,0.998414,0.00028839073,0.00011884171,0.00015341169,0.14422165,0.06416541,-0.19498925,0.07829931,0.12859982,0.020331204,-0.12104118,-0.042134922,0.016907044,-0.07072092
fomc_statement_20190918,2019-09-18,20190918,2019,9,3,powell,0,0,0,442,0,0,1,0,0,0,1,0,0.21577493088263214,0.6451519971942834,0.19068456262885514,0.016229478566029854,0.6733858476788955,0.20069979488770534,0.14431622973938912,0.1793082858069764,0.12546693549700813,0.5619698692165196,0.5155563762219706,0.043620670695597594,0.6210099311621542,0.6937227760274092,0.03914123394642876,0.0,0.0,0.0,2.331,2.0979,0.0,0.0002560122,0.00020841035,0.0004890553,0.000107446635,0.9983589,0.00029840964,0.00012297038,0.00015874136,0.14285012,0.054804385,-0.1926842,0.08758004,0.106427796,0.017159417,-0.14805117,-0.05512147,-0.01805953,-0.08366604
fomc_statement_20191011,2019-10-11,20191011,2019,10,4,powell,0,0,0,763,0,0,1,0,0,0,0,1,0.21771451382698903,0.54445933589689,0.26445219397137404,0.023866938407122618,0.6262888879054743,0.19008652636296258,0.12571688271545312,0.3106897864957755,0.1035792009506348,0.5733341960915803,0.501873968020461,0.028334788891396095,0.6158885333467712,0.6496995678597869,0.06990988809170628,0.0,0.0,0.0,0.5249,1.0499,0.5249,0.00019139904,0.00015581111,0.00036567193,8.032892e-05,0.0001587604,0.00022309613,9.1934744e-05,0.99873304,-0.16543457,-0.040040076,0.018073171,0.2946341,0.14309402,-0.149854,0.07551738,0.08645466,-0.24988818,-0.07281706
fomc_statement_20191030,2019-10-30,20191030,2019,10,4,powell,0,0,0,402,0,0,1,0,0,0,0,1,0.21722969621168864,0.5638363164948583,0.2012454243278496,0.033481741169193224,0.6769814577156261,0.1411827567781857,0.10937026447462472,0.2134614390024872,0.11781957063711249,0.5665888927730718,0.3866951322612446,0.129071288940662,0.6258570915181325,0.7334504071759379,0.11803204010996224,0.0,0.0,0.0,2.2959,2.0408,0.0,0.0002722339,0.00022161589,0.0005200531,0.0001142548,0.9982549,0.0003173178,0.00013076217,0.00016879971,0.12848814,0.049835086,-0.18450075,0.0853948,0.11947637,0.01362744,-0.14753911,-0.051969457,-0.0052833036,-0.09571358
fomc_statement_20191211,2019-12-11,20191211,2019,12,4,powell,0,0,0,365,0,0,1,0,0,0,0,1,0.2198464301533746,0.5941981787892832,0.05976155767141292,0.05240482788870243,0.6244744877638626,0.0721534205491494,0.06015281185402699,0.3051958493387058,0.04983907871739272,0.5562431390309999,0.46473796494397934,0.027015202482867068,0.6650391000555635,0.690365511423308,0.032345720657408976,0.0,0.0,0.0,2.5281,1.6854,0.0,0.00028741136,0.0002339713,0.00054906454,0.00012062467,0.9981576,0.00033500875,0.00013805236,0.00017821054,0.1186585,0.08035028,-0.20126888,0.10733435,0.114308625,-0.007175952,-0.08887069,-0.07598111,-0.0059219673,-0.07681605
fomc_statement_20200129,2020-01-29,20200129,2020,1,1,powell,0,0,0,365,0,0,1,0,1,0,0,0,0.21357208088001509,0.5267106729962299,0.09553533198527865,0.05742184858129257,0.5292184803292473,0.11771765172277095,0.06338790255587967,0.2967440723309621,0.059475271000655076,0.5439030394715987,0.49663204607397593,0.04862359806554821,0.6969074024222541,0.664927775769158,0.018789291516564256,0.0,0.0,0.0,2.5281,1.6854,0.0,0.0002890492,0.00023530463,0.10268807,0.00012131206,0.8960113,0.00033691793,0.00013883907,0.0001792261,0.119727924,0.07703155,-0.16448686,0.0867227,0.11639209,0.004931584,-0.07826881,-0.043010037,-0.033086997,-0.0780143
fomc_statement_20200303,2020-03-03,20200303,2020,3,1,powell,1,0,1,183,0,0,1,0,1,0,0,0,0.1803780889936402,0.4048874581960745,0.38987572981816115,-0.0003409280123778391,0.4473713324777626,0.30026759398107455,0.16909095299731464,0.5492070581929483,0.48495408670671397,0.5677560289127692,0.543258445827369,0.1533538310882317,0.6746941682104679,0.636261901072603,0.09105180533751964,0.0,0.0,0.0,0.0,1.1628,1.1628,0.0006579048,0.0005355767,0.2585376,0.0002761183,0.627897,0.1113718,0.00031601152,0.0004079364,-0.1690772,-0.03646514,-0.057461493,0.06116003,0.05712773,-0.03829676,-0.052575245,0.013627889,-0.054561086,-0.026636988
fomc_statement_20200315,2020-03-15,20200315,2020,3,1,powell,1,0,1,746,0,0,1,0,1,0,0,0,0.13576846248131938,0.059659055325225085,0.9482846952893162,-0.05005214774760097,0.22757445678629912,0.6692348794318908,0.3694737360663021,1.0887286131393725,1.1096980879679383,0.5614202485583819,0.3465131681352187,0.31721660082746544,0.6201866883439797,0.3876779780658713,0.474750357867241,0.0,0.0,0.0,1.3514,0.9459,0.2703,0.10406276,0.028687628,0.31809586,6.4531356e-05,0.37756446,0.021069894,7.385476e-05,0.15038095,0.20657758,-0.046557575,-0.084739275,0.09311506,0.0003347844,-0.17392959,-0.024945453,0.15108049,0.021028906,-0.052809738
fomc_statement_20200319,2020-03-19,20200319,2020,3,1,powell,1,0,1,281,0,0,1,0,1,0,0,0,0.12046756854513313,0.012713403559753034,1.0042322647071198,-0.06287214843578509,0.24621631189980975,0.6650550700656706,0.4933006974093465,1.3902510237953067,1.4618651764626815,0.5649855237767909,0.385475832221873,0.3644153549549562,0.5824159153205648,0.2359898765559631,0.6818102532388248,0.0,0.0,0.0,0.0,0.3597,0.0,0.23798792,0.5758668,0.0012408863,0.00027262623,0.0005388128,0.00075715996,0.0003120149,0.18302375,-0.24716276,-0.23546118,0.11639523,0.23058541,0.26758537,-0.27479517,0.2322288,0.23026574,-0.22342369,-0.1846643
fomc_statement_20200323,2020-03-23,20200323,2020,3,1,powell,1,0,1,649,0,0,1,0,1,0,0,0,0.10947675476868826,0.0056114332953391965,1.012785894430983,-0.07105501399505537,0.28332300747886896,0.6339844355964632,0.5649868438846282,1.4525104730380978,1.5177887216261177,0.571224760794065,0.4821484707627416,0.5078369779453529,0.5570826332630943,0.17055765025911196,0.7560304053810548,0.0,0.0,0.0,0.1527,0.6107,0.0,0.0908141,0.030825717,0.22498438,7.747491e-05,0.068284094,0.0077758515,8.8668385e-05,0.5771497,-0.13351393,-0.03887981,0.15530206,0.113687545,0.11737839,-0.06645644,0.084686115,-0.035799745,-0.23133078,-0.06624758
fomc_statement_20200331,2020-03-31,20200331,2020,3,1,powell,1,0,1,310,0,0,1,0,1,0,0,0,0.07719052644818367,0.07020554379548327,0.950029576352778,-0.10019546012032149,0.35386334469177333,0.5530835789509971,0.7322604949481291,1.220039588319095,1.3663547026918044,0.5775744346005807,0.5766220963414894,0.5853710865973536,0.5053891373852758,0.23136718144723933,0.7250325432143614,0.0,0.0,0.0,0.0,1.278,0.0,0.21700703,0.20017602,0.0009718887,0.00021349521,0.111308955,0.014330693,0.0002443407,0.4557476,-0.22519316,-0.14795652,0.13603264,0.23701,0.1761296,-0.19973621,0.18553273,0.13927467,-0.24252081,-0.21040355
fomc_statement_20200429,2020-04-29,20200429,2020,4,2,powell,1,0,1,476,0,0,1,0,0,1,0,0,0.0103442861283259,0.5082981574958979,0.16416732048143867,-0.16004434437209725,0.4917356286232687,0.2538889463433132,0.7680476015686881,-0.35082115201068226,0.7841716355544462,0.606684447844164,0.381309763251304,0.2798421069799866,0.4289540652255497,0.8106761014410413,0.2752312622442493,0.0,0.0,0.0,1.2793,1.4925,0.2132,0.11679254,0.00020146524,0.3806864,0.00010386606,0.36675063,0.021993108,0.00011887249,0.11335312,-0.023237586,-0.13442206,-0.007015059,0.07124753,0.042445377,-0.17590973,-0.08417478,0.12332483,-0.030071955,-0.030068045
fomc_statement_20200610,2020-06-10,20200610,2020,6,2,powell,0,0,1,479,0,0,1,0,0,1,0,0,-0.0033404449291405333,0.6001728521863297,0.01836208880825861,-0.16604519155052241,0.6975262202947295,0.10111260492614234,0.38416936808144814,0.11171287654744722,0.19828259752489508,0.5779913674058363,0.2952735718624007,0.32547376817583995,0.46718234271460607,0.7599555808067766,0.09326171663834004,0.0,0.0,0.0,1.4831,1.4831,0.2119,0.109595835,0.0001995401,0.38064778,0.00010287355,0.3853081,0.022777561,0.000117736585,0.101250656,-0.024423271,-0.11543992,-0.016817916,0.07318787,0.052134246,-0.13544406,-0.08685486,0.11956376,-0.01727688,-0.039531182
fomc_statement_20200729,2020-07-29,20200729,2020,7,3,powell,0,0,1,500,0,0,1,0,0,0,1,0,-0.00565703880025217,0.5742575497576312,0.006910224013028446,-0.17545551660679334,0.5826990308448026,0.02861230329041488,0.36890083650483935,0.10629792796054333,0.19014537000035237,0.5226478240150665,0.28575723263146013,0.2941137500971026,0.5828731545662261,0.7922283628600452,0.13287145754678226,0.0,0.0,0.0,1.4199,1.6227,0.2028,0.10554442,0.00018792744,0.40810597,9.68866e-05,0.38024384,0.018964473,0.00011088465,0.086745545,0.07423614,-0.18473476,0.012941992,0.05999013,-0.000123607,-0.2482303,-0.040048055,0.19453728,-0.015762333,-0.0063412637
fomc_statement_20200827,2020-08-27,20200827,2020,8,3,powell,0,0,1,649,0,0,1,0,0,0,1,0,-0.009367307543577726,0.5979182584515952,0.010753912369845485,-0.18186788999969547,0.6690821790503165,0.056030990916455525,0.2630257133473717,0.1957769325164912,0.07466660268757183,0.46528516353573224,0.32581253605252,0.2556900438147077,0.6441877704414984,0.7633817123771156,0.09956277488745024,0.0,0.0,0.0,0.9419,1.2559,0.0,0.07717148,0.07292086,0.6038444,0.000118692114,0.061571945,0.06489076,0.043213893,0.07626801,-0.066329405,0.010997176,0.07736717,0.056329217,0.08046237,-0.080063246,-0.06679702,-0.10617414,-0.18374163,0.05641562
fomc_statement_20200916,2020-09-16,20200916,2020,9,3,powell,0,0,1,601,0,0,1,0,0,0,1,0,-0.009051230832087954,0.5965404511692574,-0.001321654592749709,-0.1724551918946145,0.6669469398592734,0.04735680921109331,0.2843843285744644,0.3988523148822929,0.1932835037060731,0.45041374161931325,0.4566271017283845,0.04418025066088614,0.6695725051751049,0.7018576864142693,0.0496862444914393,0.0,0.0,0.0,2.027,2.1959,0.3378,0.10394355,0.00017464584,0.5659618,9.003923e-05,0.2795973,0.034741517,0.0043037324,0.011187401,0.097375885,-0.1512593,-0.06440237,0.08104639,0.033395384,-0.16114601,-0.02988121,0.11975564,-0.046208527,0.018054206
fomc_statement_20201105,2020-11-05,20201105,2020,11,4,powell,0,0,1,518,0,0,1,0,0,0,0,1,-0.008135342704182352,0.6094918396232324,0.005046542536735317,-0.1515887759537382,0.7091870602292341,0.09011582811934434,0.3751134980584588,0.426429199441438,0.2544457234962112,0.4623915990323004,0.4286015132139162,0.07273967862488605,0.666188828669219,0.7357832756572492,0.061822737147412495,0.0,0.0,0.0,2.1569,1.9608,0.3922,0.09216852,0.0001995441,0.5312232,0.00010287561,0.33245015,0.027359627,0.00011773894,0.016378393,0.083799645,-0.15160957,-0.054531597,0.055085685,0.027859343,-0.15729034,-0.02983591,0.115186065,-0.04929087,0.017436571
fomc_statement_20201216,2020-12-16,20201216,2020,12,4,powell,0,0,1,532,0,0,1,0,0,0,0,1,-0.006480588155794723,0.5780277315029373,0.01575590475176901,-0.12818695511338626,0.6636279152099838,0.04899426030301465,0.25171554971697935,0.1908100559972542,0.11274011671231876,0.4260510024965778,0.32123138621748404,0.20448477784439978,0.7065269310998274,0.7819155346659092,0.11828431308950793,0.0,0.0,0.0,2.1033,1.912,0.3824,0.07051986,0.00019580634,0.59963536,0.0001009486,0.27691334,0.028639643,0.00011553351,0.02387953,0.087258354,-0.15175661,-0.06296616,0.068219736,0.037119254,-0.16149208,-0.030440807,0.103968024,-0.045326985,0.014197931
fomc_statement_20210127,2021-01-27,20210127,2021,1,1,powell,0,0,1,539,0,0,1,0,1,0,0,0,-0.010490059520228988,0.5974422886631512,-0.00921445702023815,-0.10202646503134602,0.7284595300261097,0.1259738524915111,0.25208268454301336,0.2603938144426839,0.06197202336863702,0.38901278234214187,0.479274951395862,0.02391094607687029,0.7908151668697809,0.7844808291582736,0.11158538431265708,0.0,0.0,0.0,2.0833,1.8939,0.7576,0.07701219,0.00019672926,0.5267895,0.00010142441,0.33385125,0.03519988,0.000116078074,0.02673302,0.059234098,-0.1683653,0.022971872,0.039253782,0.016683811,-0.20975628,-0.044359207,0.14763577,-0.068925865,-0.006653663
fomc_statement_20210317,2021-03-17,20210317,2021,3,1,powell,0,0,1,534,0,0,1,0,1,0,0,0,-0.010990813776444862,0.6204767213196889,0.020087169802915063,-0.030276740997147222,0.8415718900739038,0.29820138924797907,0.24956381971678615,0.29553761595569117,0.13597550182296114,0.40746697014848565,0.5355596114110613,0.13437754631583515,0.8874188924148412,0.7632611951861992,0.09427657479605533,0.0,0.0,0.0,2.1073,1.9157,0.5747,0.05566683,0.00020145184,0.52247703,0.00010385915,0.34780738,0.031254318,0.000118864584,0.042370208,0.06907968,-0.17164028,-0.019995555,0.048458524,0.022382597,-0.19382122,-0.040702164,0.14242178,-0.08473482,0.032766547
fomc_statement_20210428,2021-04-28,20210428,2021,4,2,powell,0,0,1,530,0,0,1,0,0,1,0,0,-0.006398717569131036,0.6032416047697183,-0.0007400275715958166,0.02214845556050815,0.5863610213745188,0.06134839788337902,0.16103034986380227,0.2052555609363907,0.07162259731632689,0.4285541071446226,0.3840016847399793,0.15608884542578688,0.9257628058152134,0.6722448909319423,0.025475246254467038,0.0,0.0,0.0,1.9268,1.9268,0.578,0.06871003,0.00019953978,0.5556832,0.000102873375,0.32286036,0.01846203,0.00011773639,0.033864222,0.057378963,-0.1531966,-0.014056645,0.006535854,0.054120667,-0.19345066,-0.04000441,0.10063982,-0.06932409,0.033463623
fomc_statement_20210616,2021-06-16,20210616,2021,6,2,powell,0,0,1,528,0,0,1,0,0,1,0,0,-0.007057900785035806,0.5919060084923031,-0.00868728018829866,0.0099559285285159,0.5751205912289243,0.0680921109330024,0.16835817089426808,0.17859033612457625,0.14364263295150126,0.3903313463399165,0.4469520551080889,0.03992118800440804,0.9436638283708465,0.5971626809909957,0.1062386387061712,0.0,0.0,0.0,1.9342,1.9342,0.5803,0.051147297,0.00019766061,0.57182646,0.000101904574,0.31999376,0.017643128,0.000116627605,0.038973145,0.04318373,-0.10941389,-0.06401471,0.05142213,0.03209904,-0.13352607,-0.043677695,0.106680304,-0.061900876,0.025225814
fomc_statement_20210728,2021-07-28,20210728,2021,7,3,powell,0,0,1,542,0,0,1,0,0,0,1,0,0.00565703880025218,0.5745706877763443,0.026079165625100542,-0.0291175066534356,0.509934947116874,0.16306427426443976,0.14057237795336436,0.29091490392074815,0.08195831103096154,0.43558813578456324,0.5325304367200066,0.061839639313048325,0.9090022291739326,0.718015598367853,0.05949461793617639,0.0,0.0,0.0,1.8868,2.0755,0.566,0.05049143,0.00019490221,0.571634,0.00010048247,0.33150223,0.018802853,0.000115000046,0.027159054,0.07535185,-0.05850342,-0.086968094,0.04699713,-0.011384724,-0.09945406,-0.0049825385,0.12937374,-0.04414826,0.026840623
fomc_statement_20210922,2021-09-22,20210922,2021,9,3,powell,0,0,1,560,0,0,1,0,0,0,1,0,0.003609649167349578,0.5911043751643975,-0.0019082316311049216,-0.04541521037275453,0.6509271142187018,0.02064050192185049,0.16147000753433915,0.343187000738167,0.1405102246477327,0.446053696318474,0.45342548535466526,0.03207697990926331,0.9172330660357968,0.6831603050806605,0.028496755769483052,0.0,0.0,0.0,2.0073,2.5547,0.5474,0.043177657,0.00018625597,0.58670115,9.602487e-05,0.30952573,0.027719801,0.00010989842,0.03248344,0.0391645,-0.10470396,-0.034857217,0.042077303,0.04519983,-0.1247238,-0.029560074,0.06578396,-0.06436397,0.025226858
fomc_statement_20211103,2021-11-03,20211103,2021,11,4,powell,0,0,1,668,0,0,1,0,0,0,0,1,0.027261342943231973,0.7149441988050653,0.17944554857328127,0.0028640721596682184,0.7001371863521708,0.10564791354258234,0.16198185962946504,0.15891324892213515,0.14612152751815616,0.46932753343814637,0.47483419655910175,0.02481959094839052,0.9689968452083371,0.8513420450045626,0.22519471870121227,0.0,0.0,0.0,2.1309,1.9787,0.4566,0.033574354,0.015020969,0.6359743,8.004799e-05,0.24019228,0.026753489,9.161322e-05,0.04831304,0.03862594,-0.13149086,0.011961018,0.09573616,0.026774209,-0.17556123,-0.0004208237,0.18663386,-0.104476035,-0.012743473
fomc_statement_20211215,2021-12-15,20211215,2021,12,4,powell,0,0,1,575,0,0,1,0,0,0,0,1,0.05668569428679235,0.716509888898631,0.193030870782276,-0.00416687595638815,0.5765477718281189,0.11774350621369602,0.20396476247512701,0.423453963298525,0.28846660717246997,0.5080153048545424,0.5909255998071095,0.20002562499600662,1.0280114734163384,0.5829416524628549,0.18905625399131898,0.0,0.0,0.0,1.5901,2.1201,0.53,0.050175384,0.0001783412,0.5288049,9.194439e-05,0.32469413,0.031156763,0.00010522839,0.06479331,0.08850385,-0.1396361,6.850995e-05,0.056136716,0.032838102,-0.17577809,-0.037886307,0.100084215,-0.12128649,-0.023970973
fomc_statement_20220126,2022-01-26,20220126,2022,1,1,powell,0,0,1,484,0,0,1,0,1,0,0,0,0.09959619364268646,0.7993662086501248,0.3117941584847007,0.018927832817129286,0.8162587954153208,0.25690745815881555,0.20440965554546686,0.3953180465374326,0.23830860993443115,0.5132404060274145,0.41345258769346277,0.06008422620078495,0.9912596755563985,0.706480381522993,0.08496842263076029,0.0,0.0,0.0,1.8987,1.8987,0.6329,0.0766302,0.00021377162,0.471406,0.000110210654,0.3505841,0.027867569,0.00012613375,0.07306196,0.123855546,-0.17497551,-0.021425474,0.069818564,-0.015439177,-0.22411317,-0.011622235,0.043587204,0.007025078,0.05362193
fomc_statement_20220218,2022-02-18,20220218,2022,2,1,powell,0,0,1,540,0,0,1,0,1,0,0,0,0.15473306517070565,0.916705287022308,0.5327332262479613,0.06157646378549536,0.7405739699960173,0.15339469465846217,0.27531114889013386,0.34807629919741967,0.24564257719699173,0.5115731486915802,0.48570412669732976,0.10199353725494416,0.9964333217078576,0.7057228448943753,0.042772523292003824,0.0,0.0,0.0,0.0,0.7576,0.1894,0.17499354,0.13891934,0.20226814,0.00014032781,0.00027734097,0.04541325,0.093660526,0.34432757,-0.18814765,-0.120585084,0.15185574,0.12211511,0.08503004,-0.06865215,0.056205418,-0.1588974,-0.15674077,-0.10268171
fomc_statement_20220316,2022-03-16,20220316,2022,3,1,powell,0,1,1,402,0,0,1,0,1,0,0,0,0.20591561861118424,0.7933664842115812,0.3911726343249043,0.07712408632676959,0.6505509580917822,0.16447118947894585,0.35261306338504333,0.4600463587679664,0.25102486398932783,0.5348217621950639,0.6919138585123624,0.3709867204006916,1.0637442961128034,0.9295835270216759,0.3368795706458045,0.0,0.0,0.0,2.8133,2.5575,0.2558,0.03489113,0.027356941,0.47078907,0.00013086689,0.42865202,0.037836842,0.00014977435,0.00019334236,0.0076258183,-0.12862566,-0.06962243,0.10744232,0.06587863,-0.13479327,0.016808558,0.049374826,0.07153682,-0.0157714
fomc_statement_20220504,2022-05-04,20220504,2022,5,2,powell,0,1,1,433,0,0,1,0,0,1,0,0,0.35752385222984073,0.8175532647769832,0.3836832582993226,0.2245531054705499,0.8962804797096962,0.4157962321388559,0.2681032397658559,0.46774257248846907,0.28121886173692745,0.609336115498917,0.7573379277087842,0.4930097902953903,1.1441335329555717,0.6138284868205844,0.12184496600081018,0.0,0.0,0.0,2.5822,3.0516,0.4695,0.0002827686,0.05648858,0.48479062,0.00011867612,0.38319844,0.058189962,0.00013582228,0.016795117,0.081081495,-0.14443523,-0.019910593,0.08482609,-0.0021420103,-0.14179662,0.08864239,0.12631698,0.032401398,0.017426811
fomc_statement_20220615,2022-06-15,20220615,2022,6,2,powell,0,1,1,422,0,0,1,0,0,1,0,0,0.39141202544550335,0.7760311634956224,0.5429946119062765,0.2810834787155319,0.7150174801964864,0.31971017115673,0.3560638100573769,0.19948845497416415,0.18108826122882526,0.6686460348399956,0.43842763706061705,0.2820202316405479,1.0553304574646827,0.6587383571785205,0.12113571853831595,0.0,0.0,0.0,2.6699,2.4272,0.4854,0.00031370885,0.07060759,0.51547277,0.00013166155,0.39040655,0.022722496,0.00015068383,0.0001945164,-0.006024435,-0.15864184,-0.029591903,0.09121324,0.06798641,-0.14046839,0.04235004,0.06709221,0.06366771,-0.0480336
fomc_statement_20220727,2022-07-27,20220727,2022,7,3,powell,0,1,1,367,0,0,1,0,0,0,1,0,0.44890783231216447,0.5907411350626903,0.22937884709149364,0.2945123641775626,0.4561888746293757,0.27931037454539187,0.3247866043312791,0.13732021872311215,0.13574001058790403,0.7325507880527597,0.6869023674869601,0.4211693405329932,0.957444128095946,0.5864538677409914,0.16030434212252398,0.0,0.0,0.0,2.7778,2.2222,0.5556,0.00034291157,0.05402839,0.43146646,0.00014391773,0.45609862,0.057542413,0.00016471077,0.00021262365,-0.013537675,-0.13491035,-0.00064589456,0.08185453,0.070417754,-0.11167379,0.050892778,0.051418003,0.01563833,-0.035549387
fomc_statement_20220921,2022-09-21,20220921,2022,9,3,powell,0,1,1,368,0,0,1,0,0,0,1,0,0.5108021520714899,0.9131229880882299,0.5398736260608507,0.3182475983757272,0.9329114484223571,0.44519278832066467,0.2639530166335027,0.39039865719430716,0.15242928464033467,0.7840199969210389,0.6991243624998855,0.4190117293206787,0.9486937252931011,0.614250296988792,0.1167735583319999,0.0,0.0,0.0,2.7701,2.2161,0.554,0.00034063106,0.055786822,0.4355078,0.0001429606,0.44854912,0.05929772,0.00016361536,0.0002112096,-0.03568852,-0.14877042,0.03457174,0.08356456,0.10997451,-0.11415726,0.02419493,0.034535117,-8.27536e-05,-0.041862253
fomc_statement_20221102,2022-11-02,20221102,2022,11,4,powell,0,1,1,439,0,0,1,0,0,0,0,1,0.6445233811614843,0.7899720680887309,0.37570878058801255,0.47147298699213297,0.8302872062663187,0.3493394177568644,0.38546195158704094,0.2155344187992797,0.11902524486487673,0.8613813878188719,0.4018593181075975,0.29088035985296234,0.902326111835309,0.8021107725151938,0.200545486259772,0.0,0.0,0.0,3.4884,2.093,0.4651,0.0003062462,0.049965438,0.40929696,0.00012852951,0.46090943,0.054434627,0.00014709929,0.024811696,-0.00086179376,-0.09968838,-0.128155,0.09978114,0.0844194,-0.07899709,0.0024907365,0.07827692,0.06569817,-0.04840579
fomc_statement_20221214,2022-12-14,20221214,2022,12,4,powell,0,1,1,439,0,0,1,0,0,0,0,1,0.6626797461699331,0.42815987574683423,0.3143236172745701,0.44049718536635724,0.34455901225826446,0.4441801540927659,0.24811158549543105,0.20402841707845726,0.09448187804634833,0.7521033124854726,0.10751967819024749,0.6832020752883905,0.8966328997428692,0.6024740457620992,0.1414415310519207,0.0,0.0,0.0,3.4884,2.093,0.4651,0.00030807697,0.048510704,0.39937794,0.00012929788,0.47075328,0.05567071,0.00014797866,0.025101896,-0.011040524,-0.101545155,-0.10621877,0.09565224,0.08119915,-0.08621676,0.0056048073,0.053590074,0.048341222,-0.025100257
fomc_statement_20230201,2023-02-01,20230201,2023,2,1,powell,0,1,1,397,0,0,1,0,1,0,0,0,0.6303319586678531,0.5007076919222917,0.21701865413982313,0.40708050528537293,0.4706598221002789,0.2654545219504628,0.20239754264629173,0.21013028412376755,0.056336455699463835,0.6673525005962873,0.28327590364019817,0.27138753972799173,0.8529943998801206,0.6761703080075065,0.06076463219320364,0.0,0.0,0.0,3.876,2.3256,0.7752,0.0003475251,0.04997653,0.4812591,0.000145854,0.41592,0.021603618,0.0001669268,0.030580455,-0.043619096,-0.046167612,-0.121280596,0.08237334,0.056141965,-0.063048005,0.0254919,-0.017373525,0.033230245,0.010815673
fomc_statement_20230322,2023-03-22,20230322,2023,3,1,powell,0,1,1,429,0,0,1,0,1,0,0,0,0.6802973902188085,0.3879780051855656,0.8159435104036987,0.4448784267319203,0.5460127450546534,0.3411047623972284,0.22042572880242645,0.3415193075335349,0.12483407410265057,0.6921397546873007,0.49565691124899663,0.15949945841133767,0.9053440499886618,0.6025084792452181,0.1853860425288997,0.0,0.0,0.0,3.58,2.3866,0.4773,0.0972468,0.017689627,0.42275733,0.00013087151,0.37840652,0.0467393,0.00014977966,0.036879648,-0.01992549,0.051127374,-0.109866664,0.079339325,0.10317613,0.02406168,0.022173118,-0.03647096,-0.04385686,-0.053320274
fomc_statement_20230503,2023-05-03,20230503,2023,5,2,powell,0,1,1,395,0,0,1,0,0,1,0,0,0.59450638988992,0.675864574069667,0.29172678875059094,0.38199500631428734,0.6579523830596983,0.12794956650636885,0.16344186001584138,0.18674778667444014,0.08540534380391207,0.644261001573148,0.4113726052733582,0.07421261146621048,0.8667956519836466,0.6606580238624039,0.05103986922168741,0.0,0.0,0.0,3.3766,3.1169,0.5195,0.11833302,0.02357314,0.47181243,0.00014489164,0.35471556,0.03104109,0.0001658254,0.00021406251,-0.026146665,0.045702994,-0.12152699,0.07621338,0.09543416,0.007022664,0.03469578,-0.032196034,-0.04207135,-0.02184607
fomc_statement_20230614,2023-06-14,20230614,2023,6,2,powell,0,1,1,405,0,0,1,0,0,1,0,0,0.6342329983774313,0.970013903328031,0.6283675585772661,0.4122832170473499,0.7873390273045096,0.243232587000362,0.12871462241369314,0.19949785837537437,0.08949287184048976,0.6671307654083711,0.620724438191102,0.25961483815057473,0.8235830954089094,0.6657713961055731,0.028851379500730155,1.282591,-0.016032,0.09504099999999999,3.038,2.7848,0.5063,0.100660935,0.019931009,0.49225938,0.00013752907,0.35205126,0.034599286,0.00015739909,0.00020318506,-0.002544269,0.036909223,-0.14931542,0.08243692,0.07952625,0.028535008,0.03558147,-0.032070454,-0.022758637,-0.042366162
fomc_statement_20230726,2023-07-26,20230726,2023,7,3,powell,0,1,1,397,0,0,1,0,0,0,1,0,0.7157461043115645,0.6422961784636196,0.22189194607451262,0.45377498672081434,0.6818493605345843,0.15439224709998794,0.07395243706894883,0.268171367583655,0.006800346168707561,0.641089395705269,0.31807860288664325,0.30386503630712197,0.8323170545729892,0.7043627223111755,0.030062289802549547,0.7662579999999997,-0.012483999999999999,0.076244,3.3592,2.584,0.5168,0.10245299,0.022082914,0.47175458,0.00014019739,0.3694542,0.03374754,0.00016045291,0.00020712722,-0.00572668,0.050126076,-0.13605392,0.089652434,0.07872505,0.033157557,0.058491874,-0.01942553,-0.020546101,-0.008501746
fomc_statement_20230920,2023-09-20,20230920,2023,9,3,powell,0,0,1,402,0,0,1,0,0,0,1,0,0.7424168540914593,0.6518155742324988,0.1334623637817141,0.5326402976119615,0.6900030977563395,0.1280228208973232,0.09645219558371809,0.20853546727851463,0.06418509570179762,0.6875048775171568,0.6141624980543084,0.20992823992260046,0.8501050934171075,0.6882478522114905,0.028078703403378737,0.5425909999999998,0.000729,-0.035697000000000007,3.0612,2.551,0.5102,0.106064856,0.017286891,0.4688681,0.00013840887,0.38144606,0.025832739,0.000158406,0.00020448487,0.0052113086,0.04227549,-0.1396009,0.07140957,0.07927255,0.043585733,0.05745042,-0.023093324,-0.030899301,-0.018512359
fomc_statement_20231101,2023-11-01,20231101,2023,11,4,powell,0,0,1,408,0,0,1,0,0,0,0,1,0.7612734938507222,0.5777772210879668,0.10559871695554142,0.6292670878300961,0.8141567464707706,0.28939362600617063,0.16306371346328458,0.32092397820291596,0.07730635378526429,0.7354069156262715,0.4916877004825315,0.061460308663501786,0.8639148325599961,0.7497374446912178,0.11160412459113761,0.9274190000000004,0.023875,0.109548,3.0151,2.5126,0.5025,0.11539711,0.017560232,0.4479029,0.00013841032,0.39331988,0.025318623,0.00015840767,0.00020448702,0.00034865737,0.038101375,-0.1359136,0.102134645,0.068248846,0.042015344,0.05121844,-0.014274027,-0.017995376,-0.039434474
fomc_statement_20231213,2023-12-13,20231213,2023,12,4,powell,0,0,1,419,0,0,1,0,0,0,0,1,0.721243464219507,0.42370079036035924,0.32508247966161685,0.5693952641064899,0.41516572996415463,0.31950118068841893,0.07073819137221565,0.2083314134722529,0.04529229165279335,0.6944051843728949,0.32099027306827166,0.2759152949278986,0.8402280361388745,0.5910937795912746,0.10689454845299004,0.6162580000000002,-0.011118,0.05430299999999999,2.934,2.445,0.489,0.111327976,0.01807939,0.46868268,0.00013580303,0.37626216,0.025155945,0.00015542367,0.000200635,0.01189369,0.054073215,-0.12950729,0.07991035,0.07174842,0.023570895,0.061359353,-0.013196286,-0.00913135,-0.025381923
fomc_statement_20240131,2024-01-31,20240131,2024,1,1,powell,0,0,1,398,0,0,1,0,1,0,0,0,0.6427734754923368,0.611508448463745,0.12279260170429092,0.48852571574118425,0.7692614063813782,0.1795702121791889,0.061992658848984805,0.27137839756639975,0.007361231081380516,0.6570052390377055,0.6031186002008259,0.18652306804512558,0.8399299288812625,0.7302480932458724,0.04546247403390261,0.17915500000000018,0.0057929999999999995,0.016134999999999997,2.3256,2.8424,1.0336,0.000331915,0.013557122,0.37127438,0.00013930256,0.50885445,0.05700636,0.00015942882,0.04867696,-0.06214267,-0.0010856092,-0.15999866,0.010827012,0.061198987,0.031570584,-0.023843944,-0.12106325,0.0037328526,-0.025503263
fomc_statement_20240320,2024-03-20,20240320,2024,3,1,powell,0,0,1,392,0,0,1,0,1,0,0,0,0.6866008004256021,0.6497238122674951,0.18451684119602318,0.5308674323967832,0.6335907421339118,0.11715316200424016,0.07851233506558736,0.27350450658003,0.018587108480485823,0.6825135094435733,0.3922025838783813,0.09833373631610083,0.8802852706105762,0.7072895683762892,0.030131484676939234,-0.03940900000000003,-0.004640999999999999,-0.011279000000000011,2.3622,2.8871,1.0499,0.0003362417,0.013964396,0.37177438,0.00014111845,0.5127744,0.056922097,0.00016150705,0.043925893,-0.07381904,-0.0110351145,-0.17379771,0.022117373,0.057322755,0.050247386,-0.03853623,-0.12230368,-0.002306968,-0.015496109
fomc_statement_20240501,2024-05-01,20240501,2024,5,2,powell,0,0,1,470,0,0,1,0,0,1,0,0,0.7191421712423315,0.8179165048786904,0.37785708805338103,0.5786011114569611,0.8466942514493075,0.31778185704190154,0.10338699457141198,0.33310044243002696,0.09659257473984012,0.7111917486593948,0.5990212026968048,0.20824613716636642,0.9021431100490525,0.6986381557426442,0.023449854618685796,-0.1194090000000001,0.008809,-0.0009989999999999999,2.1978,3.0769,1.0989,0.0002907443,0.02192709,0.5143925,0.000122023484,0.38838014,0.048146766,0.00013965328,0.026601057,-0.06676376,0.004906118,-0.20313805,0.038476683,0.06727901,0.04887204,-0.0128818825,-0.10193923,-0.014556572,-0.033947498
fomc_statement_20240612,2024-06-12,20240612,2024,6,2,powell,0,0,1,406,0,0,1,0,0,1,0,0,0.7254996410349756,0.5881984543507397,0.12866827212224563,0.5765553456286268,0.5823118113023854,0.11872382232793836,0.05742818229237101,0.24926159791996766,0.023988070988713528,0.7058438250616637,0.4225279035059073,0.06121448357057753,0.8704082133323432,0.6596250193688343,0.019902175746331595,-0.18540899999999993,0.0064150000000000006,-0.044743000000000005,2.5381,2.7919,1.0152,0.00032978933,0.013417496,0.36398703,0.00013841043,0.5431208,0.05614083,0.00015840777,0.022707144,-0.06422049,-0.00050240755,-0.19227487,0.061601095,0.077567585,0.028241172,0.010670997,-0.11620024,0.020700157,-0.034176603
fomc_statement_20240731,2024-07-31,20240731,2024,7,3,powell,0,0,1,423,0,0,1,0,0,0,1,0,0.6804242583798217,0.3971717374149831,0.3157046720737355,0.5382442523769051,0.5810837721821482,0.10580734956995365,0.076463883468887,0.356878352900244,0.1029447718866951,0.7069025276540546,0.3597041938427637,0.14447857000415987,0.8364847213399975,0.6548387652152954,0.030118510637991168,-0.15128999999999992,-0.0015120000000000003,-0.028923000000000004,2.1898,2.6764,0.9732,0.00033406535,0.025240982,0.37759763,0.00014020504,0.51909155,0.05162854,0.00016046167,0.025806583,-0.06628238,0.011931062,-0.18410401,0.016618665,0.075486585,0.05750096,-0.02396319,-0.13263808,-0.010832645,-0.044906072
fomc_statement_20240918,2024-09-18,20240918,2024,9,3,powell,0,0,1,420,0,0,1,0,0,0,1,0,0.5703356615932422,0.36324010170722854,0.3881803489267125,0.44808342690396624,0.5123357082798603,0.1608106244721375,0.15618731526379848,0.23429044285318,0.1744824424073979,0.6380588999224917,0.3567894715959554,0.1903331888424329,0.7730997983002053,0.663739820601553,0.03782653133302485,0.0,0.0,0.03501299999999999,2.2167,2.7094,1.2315,0.0003276818,0.013163279,0.3557113,0.0001375259,0.5543543,0.07594521,0.00015739545,0.00020318037,-0.06518909,-0.015640646,-0.17898534,0.03492733,0.090158805,0.0589792,-0.031280905,-0.113282144,-0.008487977,-0.013055317
fomc_statement_20241107,2024-11-07,20241107,2024,11,4,powell,0,0,1,382,0,0,1,0,0,0,0,1,0.5887613870814776,0.8671543269411427,0.4624306069463591,0.5056367819401495,0.8755697658981282,0.36125618353241296,0.18524815022313235,0.2954172524202004,0.08990837243930547,0.6689480935674244,0.6578634933327636,0.32679167315418484,0.8470871552637547,0.789895494378734,0.1312309623997936,-0.38407500000000017,-0.005842999999999999,0.0,1.8919,2.973,1.0811,0.00035470977,0.024004871,0.36447865,0.00014886937,0.564198,0.046424467,0.00017037781,0.00021993917,-0.06873895,0.0031313896,-0.14430344,0.052733276,0.07739472,0.0816174,-0.035574958,-0.14669883,-0.018155772,-0.03445409
fomc_statement_20241218,2024-12-18,20241218,2024,12,4,powell,0,0,1,409,0,0,1,0,0,0,0,1,0.6296457456590231,0.5294788130816539,0.15549736535334463,0.549615111258416,0.5720338983050849,0.1542672837271834,0.08902445762417166,0.23641420101650767,0.04467326664648689,0.7370697141332831,0.528990041111318,0.13935626109113386,0.8868765175555735,0.6574815350446775,0.029988770248510516,-0.6451609999999999,0.004266,-0.053803000000000004,1.7722,3.038,1.0127,0.00033841448,0.022373365,0.36400586,0.00014203033,0.56745726,0.04531063,0.00016255068,0.00020983521,-0.08282522,0.0005517602,-0.14689614,0.06550887,0.07672196,0.06583479,-0.044783436,-0.15103105,-0.01056698,-0.028600339
